﻿<?xml version="1.0" encoding="utf-8"?>
<PARAMDEF XmlVersion="2">
  <ParamType>COOL_TIME_PARAM_ST</ParamType>
  <DataVersion>1</DataVersion>
  <BigEndian>False</BigEndian>
  <Unicode>True</Unicode>
  <FormatVersion>203</FormatVersion>
  <Fields>
    <Field Def="f32 limitationTime_0">
      <DisplayName>制限時間（協力霊数0）</DisplayName>
      <Description>制限時間[sec]（協力霊数0）</Description>
      <DisplayFormat>%.2f</DisplayFormat>
      <EditFlags>None</EditFlags>
      <Minimum>0</Minimum>
      <Maximum>9999</Maximum>
      <Increment>0.1</Increment>
      <SortID>10</SortID>
      <UnkB8>coop0</UnkB8>
      <UnkC0>LIMIT_BY_COOP_NUM</UnkC0>
      <UnkC8>協力霊数0</UnkC8>
    </Field>
    <Field Def="f32 observeTime_0">
      <DisplayName>監視時間（協力霊数0）</DisplayName>
      <Description>監視時間[sec]（協力霊数0）</Description>
      <DisplayFormat>%.2f</DisplayFormat>
      <EditFlags>None</EditFlags>
      <Minimum>0</Minimum>
      <Maximum>9999</Maximum>
      <Increment>0.1</Increment>
      <SortID>11</SortID>
      <UnkB8>coop0</UnkB8>
      <UnkC0>LIMIT_BY_COOP_NUM</UnkC0>
      <UnkC8>協力霊数0</UnkC8>
    </Field>
    <Field Def="f32 limitationTime_1">
      <DisplayName>制限時間（協力霊数1）</DisplayName>
      <Description>制限時間[sec]（協力霊数1）</Description>
      <DisplayFormat>%.2f</DisplayFormat>
      <EditFlags>None</EditFlags>
      <Minimum>0</Minimum>
      <Maximum>9999</Maximum>
      <Increment>0.1</Increment>
      <SortID>20</SortID>
      <UnkB8>coop1</UnkB8>
      <UnkC0>LIMIT_BY_COOP_NUM</UnkC0>
      <UnkC8>協力霊数1</UnkC8>
    </Field>
    <Field Def="f32 observeTime_1">
      <DisplayName>監視時間（協力霊数1）</DisplayName>
      <Description>監視時間[sec]（協力霊数1）</Description>
      <DisplayFormat>%.2f</DisplayFormat>
      <EditFlags>None</EditFlags>
      <Minimum>0</Minimum>
      <Maximum>9999</Maximum>
      <Increment>0.1</Increment>
      <SortID>21</SortID>
      <UnkB8>coop1</UnkB8>
      <UnkC0>LIMIT_BY_COOP_NUM</UnkC0>
      <UnkC8>協力霊数1</UnkC8>
    </Field>
    <Field Def="f32 limitationTime_2">
      <DisplayName>制限時間（協力霊数2）</DisplayName>
      <Description>制限時間[sec]（協力霊数2）</Description>
      <DisplayFormat>%.2f</DisplayFormat>
      <EditFlags>None</EditFlags>
      <Minimum>0</Minimum>
      <Maximum>9999</Maximum>
      <Increment>0.1</Increment>
      <SortID>30</SortID>
      <UnkB8>coop2</UnkB8>
      <UnkC0>LIMIT_BY_COOP_NUM</UnkC0>
      <UnkC8>協力霊数2</UnkC8>
    </Field>
    <Field Def="f32 observeTime_2">
      <DisplayName>監視時間（協力霊数2）</DisplayName>
      <Description>監視時間[sec]（協力霊数2）</Description>
      <DisplayFormat>%.2f</DisplayFormat>
      <EditFlags>None</EditFlags>
      <Minimum>0</Minimum>
      <Maximum>9999</Maximum>
      <Increment>0.1</Increment>
      <SortID>31</SortID>
      <UnkB8>coop2</UnkB8>
      <UnkC0>LIMIT_BY_COOP_NUM</UnkC0>
      <UnkC8>協力霊数2</UnkC8>
    </Field>
    <Field Def="f32 limitationTime_3">
      <DisplayName>制限時間（協力霊数3）</DisplayName>
      <Description>制限時間[sec]（協力霊数3）</Description>
      <DisplayFormat>%.2f</DisplayFormat>
      <EditFlags>None</EditFlags>
      <Minimum>0</Minimum>
      <Maximum>9999</Maximum>
      <Increment>0.1</Increment>
      <SortID>40</SortID>
      <UnkB8>coop3</UnkB8>
      <UnkC0>LIMIT_BY_COOP_NUM</UnkC0>
      <UnkC8>協力霊数3</UnkC8>
    </Field>
    <Field Def="f32 observeTime_3">
      <DisplayName>監視時間（協力霊数3）</DisplayName>
      <Description>監視時間[sec]（協力霊数3）</Description>
      <DisplayFormat>%.2f</DisplayFormat>
      <EditFlags>None</EditFlags>
      <Minimum>0</Minimum>
      <Maximum>9999</Maximum>
      <Increment>0.1</Increment>
      <SortID>41</SortID>
      <UnkB8>coop3</UnkB8>
      <UnkC0>LIMIT_BY_COOP_NUM</UnkC0>
      <UnkC8>協力霊数3</UnkC8>
    </Field>
  </Fields>
</PARAMDEF>