﻿<?xml version="1.0" encoding="utf-8"?>
<PARAMDEF XmlVersion="2">
  <ParamType>CUTSCENE_WEATHER_OVERRIDE_GPARAM_ID_CONVERT_PARAM_ST</ParamType>
  <DataVersion>1</DataVersion>
  <BigEndian>False</BigEndian>
  <Unicode>True</Unicode>
  <FormatVersion>203</FormatVersion>
  <Fields>
    <Field Def="u32 weatherOverrideGparamId">
      <DisplayName>カットシーン天候上書きGparamサフィックスID</DisplayName>
      <Description>s00_00_0000_WeatherOverride_??.gparamの??の部分のIDです</Description>
      <EditFlags>None</EditFlags>
      <Maximum>99</Maximum>
      <SortID>1</SortID>
    </Field>
  </Fields>
</PARAMDEF>