﻿<?xml version="1.0" encoding="utf-8"?>
<PARAMDEF XmlVersion="2">
  <ParamType>DIRECTION_CAMERA_PARAM_ST</ParamType>
  <DataVersion>1</DataVersion>
  <BigEndian>False</BigEndian>
  <Unicode>True</Unicode>
  <FormatVersion>203</FormatVersion>
  <Fields>
    <Field Def="u8 isUseOption:1">
      <DisplayName>オプションの影響を受けるか</DisplayName>
      <Enum>BOOL_YESNO_TYPE</Enum>
      <Description>演出カメラON/OFFオプションの影響を受けるか？</Description>
      <Maximum>1</Maximum>
      <SortID>100</SortID>
    </Field>
    <Field Def="dummy8 pad2:3">
      <DisplayName>パッド</DisplayName>
      <Description>pad</Description>
      <SortID>101</SortID>
    </Field>
    <Field Def="dummy8 pad1[15]">
      <DisplayName>パッド</DisplayName>
      <Description>pad</Description>
      <SortID>102</SortID>
    </Field>
  </Fields>
</PARAMDEF>