﻿<?xml version="1.0" encoding="utf-8"?>
<PARAMDEF XmlVersion="2">
  <ParamType>EQUIP_PARAM_PROTECTOR_ST</ParamType>
  <DataVersion>6</DataVersion>
  <BigEndian>False</BigEndian>
  <Unicode>True</Unicode>
  <FormatVersion>203</FormatVersion>
  <Fields>
    <Field Def="u8 disableParam_NT:1">
      <DisplayName>NT版出力から外すか</DisplayName>
      <Enum>BOOL_CIRCLECROSS_TYPE</Enum>
      <Description>○をつけたパラメータをNT版パッケージでは除外します</Description>
      <EditFlags>None</EditFlags>
      <Maximum>1</Maximum>
    </Field>
    <Field Def="dummy8 disableParamReserve1:7">
      <DisplayName>パッケージ出力用リザーブ1</DisplayName>
      <Description>パッケージ出力用リザーブ1</Description>
      <DisplayFormat>%d</DisplayFormat>
      <SortID>998801</SortID>
    </Field>
    <Field Def="dummy8 disableParamReserve2[3]">
      <DisplayName>パッケージ出力用リザーブ2</DisplayName>
      <Description>パッケージ出力用リザーブ2</Description>
      <DisplayFormat>%d</DisplayFormat>
      <SortID>998802</SortID>
    </Field>
    <Field Def="s32 sortId">
      <DisplayName>ソートID</DisplayName>
      <Description>ソートID(プログラム内で強化レベルを加味しているので s32 では７桁が限界)</Description>
      <Minimum>-1</Minimum>
      <Maximum>9999999</Maximum>
      <SortID>1300</SortID>
    </Field>
    <Field Def="u32 wanderingEquipId">
      <DisplayName>徘徊装備ID</DisplayName>
      <Description>徘徊ゴースト用の差し替え装備ID.</Description>
      <Maximum>99999999</Maximum>
      <SortID>1400</SortID>
    </Field>
    <Field Def="u16 resistSleep">
      <DisplayName>睡眠耐性</DisplayName>
      <Description>睡眠状態異常へのかかりにくさ</Description>
      <Maximum>999</Maximum>
      <SortID>4150</SortID>
    </Field>
    <Field Def="u16 resistMadness">
      <DisplayName>発狂耐性</DisplayName>
      <Description>発狂状態異常へのかかりにくさ</Description>
      <Maximum>999</Maximum>
      <SortID>4160</SortID>
    </Field>
    <Field Def="f32 saDurability">
      <DisplayName>SA耐久値</DisplayName>
      <Description>スーパーアーマー耐久力</Description>
      <Minimum>-1</Minimum>
      <Maximum>9999</Maximum>
      <Increment>0.1</Increment>
      <SortID>3000</SortID>
    </Field>
    <Field Def="f32 toughnessCorrectRate">
      <DisplayName>強靭度 補正倍率</DisplayName>
      <Description>強靭度の基本値を補正する倍率です</Description>
      <DisplayFormat>%.2f</DisplayFormat>
      <Minimum>0</Minimum>
      <Maximum>10</Maximum>
      <SortID>3160</SortID>
    </Field>
    <Field Def="s32 fixPrice">
      <DisplayName>修理価格</DisplayName>
      <Description>修理基本価格</Description>
      <Minimum>0</Minimum>
      <Maximum>99999999</Maximum>
      <SortID>2500</SortID>
    </Field>
    <Field Def="s32 basicPrice">
      <DisplayName>基本価格</DisplayName>
      <Description>基本価格</Description>
      <Minimum>0</Minimum>
      <Maximum>99999999</Maximum>
      <SortID>2600</SortID>
    </Field>
    <Field Def="s32 sellValue">
      <DisplayName>売却価格</DisplayName>
      <Description>販売価格</Description>
      <Minimum>-1</Minimum>
      <Maximum>99999999</Maximum>
      <SortID>2610</SortID>
    </Field>
    <Field Def="f32 weight = 1">
      <DisplayName>重量[kg]</DisplayName>
      <Description>重量[kg].</Description>
      <DisplayFormat>%0.3f</DisplayFormat>
      <Minimum>0</Minimum>
      <Maximum>1000</Maximum>
      <Increment>0.1</Increment>
      <SortID>2700</SortID>
    </Field>
    <Field Def="s32 residentSpEffectId">
      <DisplayName>常駐特殊効果ID1</DisplayName>
      <Description>常駐特殊効果ID1</Description>
      <Minimum>-1</Minimum>
      <Maximum>999999999</Maximum>
      <SortID>4500</SortID>
    </Field>
    <Field Def="s32 residentSpEffectId2">
      <DisplayName>常駐特殊効果ID2</DisplayName>
      <Description>常駐特殊効果ID2</Description>
      <Minimum>-1</Minimum>
      <Maximum>999999999</Maximum>
      <SortID>4600</SortID>
    </Field>
    <Field Def="s32 residentSpEffectId3">
      <DisplayName>常駐特殊効果ID3</DisplayName>
      <Description>常駐特殊効果ID3</Description>
      <Minimum>-1</Minimum>
      <Maximum>999999999</Maximum>
      <SortID>4700</SortID>
    </Field>
    <Field Def="s32 materialSetId = -1">
      <DisplayName>素材ID</DisplayName>
      <Description>武器強化に必要な素材パラメータID</Description>
      <Minimum>-1</Minimum>
      <Maximum>999999</Maximum>
      <SortID>4800</SortID>
    </Field>
    <Field Def="f32 partsDamageRate = 1">
      <DisplayName>部位ダメージ率</DisplayName>
      <Description>部位ダメージ率</Description>
      <DisplayFormat>%.2f</DisplayFormat>
      <Minimum>0</Minimum>
      <Maximum>99</Maximum>
      <SortID>1900</SortID>
    </Field>
    <Field Def="f32 corectSARecover">
      <DisplayName>SA回復時間補正値</DisplayName>
      <Description>スーパーアーマー回復時間の補正値</Description>
      <DisplayFormat>%0.3f</DisplayFormat>
      <Minimum>-1</Minimum>
      <Maximum>99.99</Maximum>
      <SortID>3100</SortID>
    </Field>
    <Field Def="s32 originEquipPro = -1">
      <DisplayName>派生元</DisplayName>
      <Description>この防具の強化元防具ID</Description>
      <Minimum>-1</Minimum>
      <Maximum>99999999</Maximum>
      <SortID>5000</SortID>
    </Field>
    <Field Def="s32 originEquipPro1 = -1">
      <DisplayName>派生元 強化+1</DisplayName>
      <Description>この防具の強化元防具ID1</Description>
      <Minimum>-1</Minimum>
      <Maximum>99999999</Maximum>
      <SortID>5100</SortID>
    </Field>
    <Field Def="s32 originEquipPro2 = -1">
      <DisplayName>派生元 強化+2</DisplayName>
      <Description>この防具の強化元防具ID2</Description>
      <Minimum>-1</Minimum>
      <Maximum>99999999</Maximum>
      <SortID>5200</SortID>
    </Field>
    <Field Def="s32 originEquipPro3 = -1">
      <DisplayName>派生元 強化+3</DisplayName>
      <Description>この防具の強化元防具ID3</Description>
      <Minimum>-1</Minimum>
      <Maximum>99999999</Maximum>
      <SortID>5300</SortID>
    </Field>
    <Field Def="s32 originEquipPro4 = -1">
      <DisplayName>派生元 強化+4</DisplayName>
      <Description>この防具の強化元防具ID4</Description>
      <Minimum>-1</Minimum>
      <Maximum>99999999</Maximum>
      <SortID>5400</SortID>
    </Field>
    <Field Def="s32 originEquipPro5 = -1">
      <DisplayName>派生元 強化+5</DisplayName>
      <Description>この防具の強化元防具ID5</Description>
      <Minimum>-1</Minimum>
      <Maximum>99999999</Maximum>
      <SortID>5500</SortID>
    </Field>
    <Field Def="s32 originEquipPro6 = -1">
      <DisplayName>派生元 強化+6</DisplayName>
      <Description>この防具の強化元防具ID6</Description>
      <Minimum>-1</Minimum>
      <Maximum>99999999</Maximum>
      <SortID>5600</SortID>
    </Field>
    <Field Def="s32 originEquipPro7 = -1">
      <DisplayName>派生元 強化+7</DisplayName>
      <Description>この防具の強化元防具ID7</Description>
      <Minimum>-1</Minimum>
      <Maximum>99999999</Maximum>
      <SortID>5700</SortID>
    </Field>
    <Field Def="s32 originEquipPro8 = -1">
      <DisplayName>派生元 強化+8</DisplayName>
      <Description>この防具の強化元防具ID8</Description>
      <Minimum>-1</Minimum>
      <Maximum>99999999</Maximum>
      <SortID>5800</SortID>
    </Field>
    <Field Def="s32 originEquipPro9 = -1">
      <DisplayName>派生元 強化+9</DisplayName>
      <Description>この防具の強化元防具ID9</Description>
      <Minimum>-1</Minimum>
      <Maximum>99999999</Maximum>
      <SortID>5900</SortID>
    </Field>
    <Field Def="s32 originEquipPro10 = -1">
      <DisplayName>派生元 強化+10</DisplayName>
      <Description>この防具の強化元防具ID10</Description>
      <Minimum>-1</Minimum>
      <Maximum>99999999</Maximum>
      <SortID>6000</SortID>
    </Field>
    <Field Def="s32 originEquipPro11 = -1">
      <DisplayName>派生元 強化+11</DisplayName>
      <Description>この防具の強化元防具ID11</Description>
      <Minimum>-1</Minimum>
      <Maximum>99999999</Maximum>
      <SortID>6100</SortID>
    </Field>
    <Field Def="s32 originEquipPro12 = -1">
      <DisplayName>派生元 強化+12</DisplayName>
      <Description>この防具の強化元防具ID12</Description>
      <Minimum>-1</Minimum>
      <Maximum>99999999</Maximum>
      <SortID>6200</SortID>
    </Field>
    <Field Def="s32 originEquipPro13 = -1">
      <DisplayName>派生元 強化+13</DisplayName>
      <Description>この防具の強化元防具ID13</Description>
      <Minimum>-1</Minimum>
      <Maximum>99999999</Maximum>
      <SortID>6300</SortID>
    </Field>
    <Field Def="s32 originEquipPro14 = -1">
      <DisplayName>派生元 強化+14</DisplayName>
      <Description>この防具の強化元防具ID14</Description>
      <Minimum>-1</Minimum>
      <Maximum>99999999</Maximum>
      <SortID>6400</SortID>
    </Field>
    <Field Def="s32 originEquipPro15 = -1">
      <DisplayName>派生元 強化+15</DisplayName>
      <Description>この防具の強化元防具ID15</Description>
      <Minimum>-1</Minimum>
      <Maximum>99999999</Maximum>
      <SortID>6500</SortID>
    </Field>
    <Field Def="f32 faceScaleM_ScaleX = 1">
      <DisplayName>男横顔拡大スケール</DisplayName>
      <DisplayFormat>%0.3f</DisplayFormat>
      <Minimum>0</Minimum>
      <Maximum>5</Maximum>
      <SortID>9900</SortID>
    </Field>
    <Field Def="f32 faceScaleM_ScaleZ = 1">
      <DisplayName>男前顔拡大スケール</DisplayName>
      <DisplayFormat>%0.3f</DisplayFormat>
      <Minimum>0</Minimum>
      <Maximum>5</Maximum>
      <SortID>10000</SortID>
    </Field>
    <Field Def="f32 faceScaleM_MaxX = 1">
      <DisplayName>男横顔拡大最大倍率</DisplayName>
      <DisplayFormat>%0.3f</DisplayFormat>
      <Minimum>1</Minimum>
      <Maximum>2</Maximum>
      <SortID>10100</SortID>
    </Field>
    <Field Def="f32 faceScaleM_MaxZ = 1">
      <DisplayName>男前顔拡大最大倍率</DisplayName>
      <DisplayFormat>%0.3f</DisplayFormat>
      <Minimum>1</Minimum>
      <Maximum>2</Maximum>
      <SortID>10200</SortID>
    </Field>
    <Field Def="f32 faceScaleF_ScaleX = 1">
      <DisplayName>女横顔拡大スケール</DisplayName>
      <DisplayFormat>%0.3f</DisplayFormat>
      <Minimum>0</Minimum>
      <Maximum>5</Maximum>
      <SortID>10300</SortID>
    </Field>
    <Field Def="f32 faceScaleF_ScaleZ = 1">
      <DisplayName>女前顔拡大スケール</DisplayName>
      <DisplayFormat>%0.3f</DisplayFormat>
      <Minimum>0</Minimum>
      <Maximum>5</Maximum>
      <SortID>10400</SortID>
    </Field>
    <Field Def="f32 faceScaleF_MaxX = 1">
      <DisplayName>女横顔拡大最大倍率</DisplayName>
      <DisplayFormat>%0.3f</DisplayFormat>
      <Minimum>1</Minimum>
      <Maximum>2</Maximum>
      <SortID>10500</SortID>
    </Field>
    <Field Def="f32 faceScaleF_MaxZ = 1">
      <DisplayName>女前顔拡大最大倍率</DisplayName>
      <DisplayFormat>%0.3f</DisplayFormat>
      <Minimum>1</Minimum>
      <Maximum>2</Maximum>
      <SortID>10600</SortID>
    </Field>
    <Field Def="s32 qwcId = -1">
      <DisplayName>QWCID</DisplayName>
      <Description>QWCのパラメタID</Description>
      <Minimum>-1</Minimum>
      <Maximum>99999999</Maximum>
      <SortID>10800</SortID>
    </Field>
    <Field Def="u16 equipModelId">
      <DisplayName>装備モデル番号</DisplayName>
      <Description>装備モデルの番号.</Description>
      <Maximum>9999</Maximum>
      <SortID>300</SortID>
    </Field>
    <Field Def="u16 iconIdM">
      <DisplayName>男用アイコンID</DisplayName>
      <Description>男用メニューアイコンID.</Description>
      <SortID>1100</SortID>
    </Field>
    <Field Def="u16 iconIdF">
      <DisplayName>女用アイコンID</DisplayName>
      <Description>女用メニューアイコンID.</Description>
      <SortID>1200</SortID>
    </Field>
    <Field Def="u16 knockBack">
      <DisplayName>ノックバックカット率</DisplayName>
      <Description>ノックバックの減少値.</Description>
      <Maximum>100</Maximum>
      <SortID>2200</SortID>
    </Field>
    <Field Def="u16 knockbackBounceRate">
      <DisplayName>ノックバック反発率</DisplayName>
      <Description>ノックバックの反発率.</Description>
      <Maximum>100</Maximum>
      <SortID>2300</SortID>
    </Field>
    <Field Def="u16 durability = 100">
      <DisplayName>耐久度</DisplayName>
      <Description>初期耐久度.</Description>
      <Maximum>999</Maximum>
      <SortID>2800</SortID>
    </Field>
    <Field Def="u16 durabilityMax = 100">
      <DisplayName>耐久度最大値</DisplayName>
      <Description>新品耐久度.</Description>
      <Maximum>999</Maximum>
      <SortID>2900</SortID>
    </Field>
    <Field Def="dummy8 pad03[2]">
      <DisplayName>pad</DisplayName>
      <DisplayFormat>%d</DisplayFormat>
      <EditFlags>Wrap</EditFlags>
      <SortID>998803</SortID>
    </Field>
    <Field Def="u16 defFlickPower">
      <DisplayName>はじき防御力</DisplayName>
      <Description>敵の攻撃のはじき返し判定に利用.</Description>
      <Maximum>99</Maximum>
      <SortID>3200</SortID>
    </Field>
    <Field Def="u16 defensePhysics = 100">
      <DisplayName>物理防御力</DisplayName>
      <Description>物理攻撃のダメージ防御.</Description>
      <Maximum>9999</Maximum>
      <SortID>3400</SortID>
    </Field>
    <Field Def="u16 defenseMagic = 100">
      <DisplayName>魔法防御力</DisplayName>
      <Description>魔法攻撃のダメージ防御.</Description>
      <Maximum>9999</Maximum>
      <SortID>3500</SortID>
    </Field>
    <Field Def="u16 defenseFire = 100">
      <DisplayName>炎防御力</DisplayName>
      <Description>炎攻撃のダメージ防御.</Description>
      <Maximum>9999</Maximum>
      <SortID>3600</SortID>
    </Field>
    <Field Def="u16 defenseThunder = 100">
      <DisplayName>電撃防御力</DisplayName>
      <Description>電撃攻撃のダメージ防御.</Description>
      <Maximum>9999</Maximum>
      <SortID>3700</SortID>
    </Field>
    <Field Def="s16 defenseSlash">
      <DisplayName>斬撃防御力</DisplayName>
      <Description>攻撃タイプを見て、斬撃属性のときは、防御力を減少させる</Description>
      <Minimum>-100</Minimum>
      <Maximum>9999</Maximum>
      <SortID>3800</SortID>
    </Field>
    <Field Def="s16 defenseBlow">
      <DisplayName>打撃防御力</DisplayName>
      <Description>攻撃属性を見て、打撃属性のときは、防御力を減少させる.</Description>
      <Minimum>-100</Minimum>
      <Maximum>9999</Maximum>
      <SortID>3900</SortID>
    </Field>
    <Field Def="s16 defenseThrust">
      <DisplayName>刺突防御力</DisplayName>
      <Description>攻撃属性を見て、打撃属性のときは、防御力を減少させる.</Description>
      <Minimum>-100</Minimum>
      <Maximum>9999</Maximum>
      <SortID>4000</SortID>
    </Field>
    <Field Def="u16 resistPoison = 100">
      <DisplayName>毒耐性</DisplayName>
      <Description>毒状態異常へのかかりにくさ</Description>
      <Maximum>999</Maximum>
      <SortID>4100</SortID>
    </Field>
    <Field Def="u16 resistDisease = 100">
      <DisplayName>疫病耐性</DisplayName>
      <Description>疫病状態異常へのかかりにくさ</Description>
      <Maximum>999</Maximum>
      <SortID>4110</SortID>
    </Field>
    <Field Def="u16 resistBlood = 100">
      <DisplayName>出血耐性</DisplayName>
      <Description>出血状態異常へのかかりにくさ</Description>
      <Maximum>999</Maximum>
      <SortID>4120</SortID>
    </Field>
    <Field Def="u16 resistCurse = 100">
      <DisplayName>呪耐性</DisplayName>
      <Description>呪い状態異常へのかかりにくさ</Description>
      <Maximum>999</Maximum>
      <SortID>4130</SortID>
    </Field>
    <Field Def="s16 reinforceTypeId">
      <DisplayName>強化タイプID</DisplayName>
      <Description>強化タイプID</Description>
      <Minimum>0</Minimum>
      <Maximum>9999</Maximum>
      <SortID>4900</SortID>
    </Field>
    <Field Def="s16 trophySGradeId = -1">
      <DisplayName>トロフィー</DisplayName>
      <Description>トロフィーシステムに関係あるか？</Description>
      <Minimum>-1</Minimum>
      <Maximum>9999</Maximum>
      <SortID>4750</SortID>
    </Field>
    <Field Def="s16 shopLv">
      <DisplayName>ショップレベル</DisplayName>
      <Description>お店で販売できるレベル</Description>
      <Minimum>-1</Minimum>
      <Maximum>9999</Maximum>
      <SortID>10900</SortID>
    </Field>
    <Field Def="u8 knockbackParamId">
      <DisplayName>ノックバックパラメータID</DisplayName>
      <Description>ノックバックで使用するパラメータのID</Description>
      <SortID>2400</SortID>
    </Field>
    <Field Def="u8 flickDamageCutRate">
      <DisplayName>はじき時ダメージ減衰率[%]</DisplayName>
      <Description>はじき時のダメージ減衰率に使用</Description>
      <Maximum>100</Maximum>
      <SortID>3300</SortID>
    </Field>
    <Field Def="u8 equipModelCategory = 1">
      <DisplayName>装備モデル種別</DisplayName>
      <Enum>EQUIP_MODEL_CATEGORY</Enum>
      <Description>装備モデルの種別.</Description>
      <Maximum>99</Maximum>
      <SortID>100</SortID>
    </Field>
    <Field Def="u8 equipModelGender">
      <DisplayName>装備モデル性別</DisplayName>
      <Enum>EQUIP_MODEL_GENDER</Enum>
      <Description>装備モデルの性別.</Description>
      <Maximum>99</Maximum>
      <SortID>200</SortID>
    </Field>
    <Field Def="u8 protectorCategory">
      <DisplayName>防具カテゴリ</DisplayName>
      <Enum>PROTECTOR_CATEGORY</Enum>
      <Description>防具のカテゴリ.</Description>
      <Maximum>99</Maximum>
      <SortID>400</SortID>
    </Field>
    <Field Def="u8 rarity">
      <DisplayName>レア度</DisplayName>
      <Description>アイテム取得ログで使うレア度</Description>
      <Maximum>99</Maximum>
      <SortID>12010</SortID>
    </Field>
    <Field Def="u8 sortGroupId = 255">
      <DisplayName>ソートアイテム種別ID</DisplayName>
      <Description>ソートアイテム種別ID。ソート「アイテム種別順」にて、同じIDは同じグループとしてまとめて表示されます</Description>
      <SortID>1310</SortID>
    </Field>
    <Field Def="u8 partsDmgType">
      <DisplayName>部位ダメージ適用攻撃</DisplayName>
      <Enum>ATK_PARAM_PARTSDMGTYPE</Enum>
      <Description>部位ダメージ判定を行う攻撃タイプを設定</Description>
      <Maximum>2</Maximum>
      <SortID>1800</SortID>
    </Field>
    <Field Def="dummy8 pad04[2]">
      <DisplayName>パディング</DisplayName>
      <SortID>998804</SortID>
    </Field>
    <Field Def="u8 isDeposit:1">
      <DisplayName>預けれるか</DisplayName>
      <Enum>EQUIP_BOOL</Enum>
      <Description>倉庫に預けれるか</Description>
      <Maximum>1</Maximum>
      <SortID>4775</SortID>
    </Field>
    <Field Def="u8 headEquip:1">
      <DisplayName>頭装備</DisplayName>
      <Enum>EQUIP_BOOL</Enum>
      <Description>頭装備か.</Description>
      <Maximum>1</Maximum>
      <SortID>500</SortID>
    </Field>
    <Field Def="u8 bodyEquip:1">
      <DisplayName>胴装備</DisplayName>
      <Enum>EQUIP_BOOL</Enum>
      <Description>胴装備か.</Description>
      <Maximum>1</Maximum>
      <SortID>600</SortID>
    </Field>
    <Field Def="u8 armEquip:1">
      <DisplayName>腕装備</DisplayName>
      <Enum>EQUIP_BOOL</Enum>
      <Description>腕装備か.</Description>
      <Maximum>1</Maximum>
      <SortID>700</SortID>
    </Field>
    <Field Def="u8 legEquip:1">
      <DisplayName>脚装備</DisplayName>
      <Enum>EQUIP_BOOL</Enum>
      <Description>脚装備か.</Description>
      <Maximum>1</Maximum>
      <SortID>800</SortID>
    </Field>
    <Field Def="u8 useFaceScale:1">
      <DisplayName>顔スケールを使用するか</DisplayName>
      <Enum>EQUIP_BOOL</Enum>
      <Description>顔スケールを使用するか</Description>
      <Maximum>1</Maximum>
      <SortID>6600</SortID>
    </Field>
    <Field Def="u8 isSkipWeakDamageAnim:1">
      <DisplayName>弱点アニメをスキップするか</DisplayName>
      <Enum>EQUIP_BOOL</Enum>
      <Description>弱点ダメージアニメ再生をスキップするかどうか。アニメを再生しないだけで「部位ダメージ率」「防御材質」は弱点として扱われます。</Description>
      <Maximum>1</Maximum>
      <SortID>1850</SortID>
    </Field>
    <Field Def="dummy8 pad06:1">
      <DisplayName>パディング</DisplayName>
      <DisplayFormat>%d</DisplayFormat>
      <EditFlags>Wrap</EditFlags>
      <SortID>998000</SortID>
    </Field>
    <Field Def="u8 defenseMaterialVariationValue_Weak">
      <DisplayName>弱点防御材質バリエーション値</DisplayName>
      <Description>弱点防御材質と組み合わせて状態異常、ダメージSFX,SEのバリエーション分けに使用する値です。SEQ16473</Description>
      <Maximum>99</Maximum>
      <SortID>2102</SortID>
    </Field>
    <Field Def="s16 autoFootEffectDecalBaseId2 = -1">
      <DisplayName>フットデカール識別子2</DisplayName>
      <Description>自動フットエフェクトのデカールID。床材質も考慮される。防具カテゴリ」が「脚」のときのみ利用される。</Description>
      <Minimum>-1</Minimum>
      <Maximum>999</Maximum>
      <SortID>1051</SortID>
    </Field>
    <Field Def="s16 autoFootEffectDecalBaseId3 = -1">
      <DisplayName>フットデカール識別子3</DisplayName>
      <Description>自動フットエフェクトのデカールID。床材質も考慮される。防具カテゴリ」が「脚」のときのみ利用される。</Description>
      <Minimum>-1</Minimum>
      <Maximum>999</Maximum>
      <SortID>1052</SortID>
    </Field>
    <Field Def="u8 defenseMaterialVariationValue">
      <DisplayName>防御材質バリエーション値</DisplayName>
      <Description>防御材質と組み合わせて状態異常、ダメージSFX,SEのバリエーション分けに使用する値です。SEQ16473</Description>
      <Maximum>99</Maximum>
      <SortID>1002</SortID>
    </Field>
    <Field Def="u8 isDiscard:1">
      <DisplayName>捨てれるか</DisplayName>
      <Enum>EQUIP_BOOL</Enum>
      <Description>アイテムを捨てれるか？TRUE=捨てれる</Description>
      <Maximum>1</Maximum>
      <SortID>4760</SortID>
    </Field>
    <Field Def="u8 isDrop:1">
      <DisplayName>その場に置けるか</DisplayName>
      <Enum>EQUIP_BOOL</Enum>
      <Description>アイテムをその場に置けるか？TRUE=置ける</Description>
      <Maximum>1</Maximum>
      <SortID>4770</SortID>
    </Field>
    <Field Def="u8 disableMultiDropShare:1">
      <DisplayName>マルチドロップ共有禁止か</DisplayName>
      <Enum>EQUIP_BOOL</Enum>
      <Description>マルチドロップ共有禁止か</Description>
      <Maximum>1</Maximum>
      <SortID>4780</SortID>
    </Field>
    <Field Def="u8 simpleModelForDlc:1">
      <DisplayName>DLC用シンプルモデルありか</DisplayName>
      <Enum>EQUIP_BOOL</Enum>
      <Description>ＤＬＣ用シンプルモデルが存在しているか</Description>
      <Maximum>1</Maximum>
      <SortID>4785</SortID>
    </Field>
    <Field Def="u8 showLogCondType:1 = 1">
      <DisplayName>取得ログ表示条件</DisplayName>
      <Enum>EQUIP_BOOL</Enum>
      <Description>アイテム取得時にアイテム取得ログに表示するか（未入力: ○）</Description>
      <Maximum>1</Maximum>
      <SortID>12000</SortID>
    </Field>
    <Field Def="u8 showDialogCondType:2 = 2">
      <DisplayName>取得ダイアログ表示条件</DisplayName>
      <Enum>GET_DIALOG_CONDITION_TYPE</Enum>
      <Description>アイテム取得時にアイテム取得ダイアログに表示するか（未入力: newのみ）</Description>
      <Maximum>2</Maximum>
      <SortID>11900</SortID>
    </Field>
    <Field Def="dummy8 pad:1">
      <DisplayName>パディング</DisplayName>
      <DisplayFormat>%d</DisplayFormat>
      <EditFlags>Wrap</EditFlags>
      <SortID>998805</SortID>
    </Field>
    <Field Def="f32 neutralDamageCutRate = 1">
      <DisplayName>無属性ダメージ倍率</DisplayName>
      <Description>無属性ダメージ倍率</Description>
      <DisplayFormat>%0.3f</DisplayFormat>
      <Minimum>0</Minimum>
      <Maximum>99.999</Maximum>
      <Increment>0.001</Increment>
      <SortID>4010</SortID>
    </Field>
    <Field Def="f32 slashDamageCutRate = 1">
      <DisplayName>斬撃ダメージ倍率</DisplayName>
      <Description>斬撃ダメージ倍率</Description>
      <DisplayFormat>%0.3f</DisplayFormat>
      <Minimum>0</Minimum>
      <Maximum>99.999</Maximum>
      <Increment>0.001</Increment>
      <SortID>4020</SortID>
    </Field>
    <Field Def="f32 blowDamageCutRate = 1">
      <DisplayName>打撃ダメージ倍率</DisplayName>
      <Description>打撃ダメージ倍率</Description>
      <DisplayFormat>%0.3f</DisplayFormat>
      <Minimum>0</Minimum>
      <Maximum>99.999</Maximum>
      <Increment>0.001</Increment>
      <SortID>4030</SortID>
    </Field>
    <Field Def="f32 thrustDamageCutRate = 1">
      <DisplayName>刺突ダメージ倍率</DisplayName>
      <Description>刺突ダメージ倍率</Description>
      <DisplayFormat>%0.3f</DisplayFormat>
      <Minimum>0</Minimum>
      <Maximum>99.999</Maximum>
      <Increment>0.001</Increment>
      <SortID>4040</SortID>
    </Field>
    <Field Def="f32 magicDamageCutRate = 1">
      <DisplayName>魔法ダメージ倍率</DisplayName>
      <Description>魔法ダメージ倍率</Description>
      <DisplayFormat>%0.3f</DisplayFormat>
      <Minimum>0</Minimum>
      <Maximum>99.999</Maximum>
      <Increment>0.001</Increment>
      <SortID>4050</SortID>
    </Field>
    <Field Def="f32 fireDamageCutRate = 1">
      <DisplayName>火炎ダメージ倍率</DisplayName>
      <Description>火炎ダメージ倍率</Description>
      <DisplayFormat>%0.3f</DisplayFormat>
      <Minimum>0</Minimum>
      <Maximum>99.999</Maximum>
      <Increment>0.001</Increment>
      <SortID>4060</SortID>
    </Field>
    <Field Def="f32 thunderDamageCutRate = 1">
      <DisplayName>電撃ダメージ倍率</DisplayName>
      <Description>電撃ダメージ倍率</Description>
      <DisplayFormat>%0.3f</DisplayFormat>
      <Minimum>0</Minimum>
      <Maximum>99.999</Maximum>
      <Increment>0.001</Increment>
      <SortID>4070</SortID>
    </Field>
    <Field Def="u16 defenseMaterialSfx1 = 50">
      <DisplayName>防御材質1【SFX】</DisplayName>
      <Enum>WEP_MATERIAL_DEF_SFX</Enum>
      <Description>移動/防御時のSFX用.1</Description>
      <Maximum>9999</Maximum>
      <SortID>1000</SortID>
    </Field>
    <Field Def="u16 defenseMaterialSfx_Weak1 = 50">
      <DisplayName>弱点防御材質1【SFX】</DisplayName>
      <Enum>WEP_MATERIAL_DEF_SFX</Enum>
      <Description>弱点部位ダメージ時のSFX用1</Description>
      <Maximum>9999</Maximum>
      <SortID>2100</SortID>
    </Field>
    <Field Def="u16 defenseMaterial1 = 50">
      <DisplayName>防御材質1【SE】</DisplayName>
      <Enum>WEP_MATERIAL_DEF</Enum>
      <Description>移動/防御時のSE用.1</Description>
      <Maximum>9999</Maximum>
      <SortID>900</SortID>
    </Field>
    <Field Def="u16 defenseMaterial_Weak1 = 50">
      <DisplayName>弱点防御材質1【SE】</DisplayName>
      <Enum>WEP_MATERIAL_DEF</Enum>
      <Description>弱点部位ダメージ時のSE用1</Description>
      <Maximum>9999</Maximum>
      <SortID>2000</SortID>
    </Field>
    <Field Def="u16 defenseMaterialSfx2 = 50">
      <DisplayName>防御材質2【SFX】</DisplayName>
      <Enum>WEP_MATERIAL_DEF_SFX</Enum>
      <Description>移動/防御時のSFX用.2</Description>
      <Maximum>9999</Maximum>
      <SortID>1001</SortID>
    </Field>
    <Field Def="u16 defenseMaterialSfx_Weak2 = 50">
      <DisplayName>弱点防御材質2【SFX】</DisplayName>
      <Enum>WEP_MATERIAL_DEF_SFX</Enum>
      <Description>弱点部位ダメージ時のSFX用2</Description>
      <Maximum>9999</Maximum>
      <SortID>2101</SortID>
    </Field>
    <Field Def="u16 footMaterialSe = 139">
      <DisplayName>足装備材質【SE】</DisplayName>
      <Enum>WEP_MATERIAL_DEF</Enum>
      <Description>足装備SE用材質。足装備のみ参照される。(【GR】SEQ10061) 「139:なし」の場合は防御材質1【SE】が参照される</Description>
      <Maximum>9999</Maximum>
      <SortID>901</SortID>
    </Field>
    <Field Def="u16 defenseMaterial_Weak2 = 50">
      <DisplayName>弱点防御材質2【SE】</DisplayName>
      <Enum>WEP_MATERIAL_DEF</Enum>
      <Description>弱点部位ダメージ時のSE用2</Description>
      <Maximum>9999</Maximum>
      <SortID>2001</SortID>
    </Field>
    <Field Def="s32 autoFootEffectDecalBaseId1 = -1">
      <DisplayName>フットデカール識別子1</DisplayName>
      <Description>自動フットエフェクトのデカールID。床材質も考慮される。防具カテゴリ」が「脚」のときのみ利用される。</Description>
      <Minimum>-1</Minimum>
      <Maximum>999</Maximum>
      <SortID>1050</SortID>
    </Field>
    <Field Def="f32 toughnessDamageCutRate = 1">
      <DisplayName>強靭度 被ダメージ倍率</DisplayName>
      <Description>強靭度版カット率</Description>
      <DisplayFormat>%.2f</DisplayFormat>
      <Minimum>0</Minimum>
      <Maximum>10</Maximum>
      <SortID>3150</SortID>
    </Field>
    <Field Def="f32 toughnessRecoverCorrection">
      <DisplayName>強靭度 回復時間補正値</DisplayName>
      <Description>強靭度の回復時間用の補正値</Description>
      <DisplayFormat>%.2f</DisplayFormat>
      <Minimum>0</Minimum>
      <Maximum>99.99</Maximum>
      <SortID>3170</SortID>
    </Field>
    <Field Def="f32 darkDamageCutRate = 1">
      <DisplayName>闇ダメージ倍率</DisplayName>
      <Description>闇ダメージ倍率</Description>
      <DisplayFormat>%0.3f</DisplayFormat>
      <Minimum>0</Minimum>
      <Maximum>99.999</Maximum>
      <Increment>0.001</Increment>
      <SortID>4080</SortID>
    </Field>
    <Field Def="u16 defenseDark = 100">
      <DisplayName>闇防御力</DisplayName>
      <Description>闇攻撃のダメージ防御.</Description>
      <Maximum>9999</Maximum>
      <SortID>3710</SortID>
    </Field>
    <Field Def="dummy8 invisibleFlag48:1">
      <DisplayName>PAD_元_#48#非表示</DisplayName>
      <Description>元_#48#非表示</Description>
      <DisplayFormat>%d</DisplayFormat>
      <EditFlags>Wrap</EditFlags>
      <SortID>998480</SortID>
    </Field>
    <Field Def="dummy8 invisibleFlag49:1">
      <DisplayName>PAD_元_#49#非表示</DisplayName>
      <Description>元_#49#非表示</Description>
      <DisplayFormat>%d</DisplayFormat>
      <EditFlags>Wrap</EditFlags>
      <SortID>998490</SortID>
    </Field>
    <Field Def="dummy8 invisibleFlag50:1">
      <DisplayName>PAD_元_#50#非表示</DisplayName>
      <Description>元_#50#非表示</Description>
      <DisplayFormat>%d</DisplayFormat>
      <EditFlags>Wrap</EditFlags>
      <SortID>998500</SortID>
    </Field>
    <Field Def="dummy8 invisibleFlag51:1">
      <DisplayName>PAD_元_#51#非表示</DisplayName>
      <Description>元_#51#非表示</Description>
      <DisplayFormat>%d</DisplayFormat>
      <EditFlags>Wrap</EditFlags>
      <SortID>998510</SortID>
    </Field>
    <Field Def="dummy8 invisibleFlag52:1">
      <DisplayName>PAD_元_#52#非表示</DisplayName>
      <Description>元_#52#非表示</Description>
      <DisplayFormat>%d</DisplayFormat>
      <EditFlags>Wrap</EditFlags>
      <SortID>998520</SortID>
    </Field>
    <Field Def="dummy8 invisibleFlag53:1">
      <DisplayName>PAD_元_#53#非表示</DisplayName>
      <Description>元_#53#非表示</Description>
      <DisplayFormat>%d</DisplayFormat>
      <EditFlags>Wrap</EditFlags>
      <SortID>998530</SortID>
    </Field>
    <Field Def="dummy8 invisibleFlag54:1">
      <DisplayName>PAD_元_#54#非表示</DisplayName>
      <Description>元_#54#非表示</Description>
      <DisplayFormat>%d</DisplayFormat>
      <EditFlags>Wrap</EditFlags>
      <SortID>998540</SortID>
    </Field>
    <Field Def="dummy8 invisibleFlag55:1">
      <DisplayName>PAD_元_#55#非表示</DisplayName>
      <Description>元_#55#非表示</Description>
      <DisplayFormat>%d</DisplayFormat>
      <EditFlags>Wrap</EditFlags>
      <SortID>998550</SortID>
    </Field>
    <Field Def="dummy8 invisibleFlag56:1">
      <DisplayName>PAD_元_#56#非表示</DisplayName>
      <Description>元_#56#非表示</Description>
      <DisplayFormat>%d</DisplayFormat>
      <EditFlags>Wrap</EditFlags>
      <SortID>998560</SortID>
    </Field>
    <Field Def="dummy8 invisibleFlag57:1">
      <DisplayName>PAD_元_#57#非表示</DisplayName>
      <Description>元_#57#非表示</Description>
      <DisplayFormat>%d</DisplayFormat>
      <EditFlags>Wrap</EditFlags>
      <SortID>998570</SortID>
    </Field>
    <Field Def="dummy8 invisibleFlag58:1">
      <DisplayName>PAD_元_#58#非表示</DisplayName>
      <Description>元_#58#非表示</Description>
      <DisplayFormat>%d</DisplayFormat>
      <EditFlags>Wrap</EditFlags>
      <SortID>998580</SortID>
    </Field>
    <Field Def="dummy8 invisibleFlag59:1">
      <DisplayName>PAD_元_#59#非表示</DisplayName>
      <Description>元_#59#非表示</Description>
      <DisplayFormat>%d</DisplayFormat>
      <EditFlags>Wrap</EditFlags>
      <SortID>998590</SortID>
    </Field>
    <Field Def="dummy8 invisibleFlag60:1">
      <DisplayName>PAD_元_#60#非表示</DisplayName>
      <Description>元_#60#非表示</Description>
      <DisplayFormat>%d</DisplayFormat>
      <EditFlags>Wrap</EditFlags>
      <SortID>998600</SortID>
    </Field>
    <Field Def="dummy8 invisibleFlag61:1">
      <DisplayName>PAD_元_#61#非表示</DisplayName>
      <Description>元_#61#非表示</Description>
      <DisplayFormat>%d</DisplayFormat>
      <EditFlags>Wrap</EditFlags>
      <SortID>998610</SortID>
    </Field>
    <Field Def="dummy8 invisibleFlag62:1">
      <DisplayName>PAD_元_#62#非表示</DisplayName>
      <Description>元_#62#非表示</Description>
      <DisplayFormat>%d</DisplayFormat>
      <EditFlags>Wrap</EditFlags>
      <SortID>998620</SortID>
    </Field>
    <Field Def="dummy8 invisibleFlag63:1">
      <DisplayName>PAD_元_#63#非表示</DisplayName>
      <Description>元_#63#非表示</Description>
      <DisplayFormat>%d</DisplayFormat>
      <EditFlags>Wrap</EditFlags>
      <SortID>998630</SortID>
    </Field>
    <Field Def="dummy8 invisibleFlag64:1">
      <DisplayName>PAD_元_#64#非表示</DisplayName>
      <Description>元_#64#非表示</Description>
      <DisplayFormat>%d</DisplayFormat>
      <EditFlags>Wrap</EditFlags>
      <SortID>998640</SortID>
    </Field>
    <Field Def="dummy8 invisibleFlag65:1">
      <DisplayName>PAD_元_#65#非表示</DisplayName>
      <Description>元_#65#非表示</Description>
      <DisplayFormat>%d</DisplayFormat>
      <EditFlags>Wrap</EditFlags>
      <SortID>998650</SortID>
    </Field>
    <Field Def="dummy8 invisibleFlag66:1">
      <DisplayName>PAD_元_#66#非表示</DisplayName>
      <Description>元_#66#非表示</Description>
      <DisplayFormat>%d</DisplayFormat>
      <EditFlags>Wrap</EditFlags>
      <SortID>998660</SortID>
    </Field>
    <Field Def="dummy8 invisibleFlag67:1">
      <DisplayName>PAD_元_#67#非表示</DisplayName>
      <Description>元_#67#非表示</Description>
      <DisplayFormat>%d</DisplayFormat>
      <EditFlags>Wrap</EditFlags>
      <SortID>998670</SortID>
    </Field>
    <Field Def="dummy8 invisibleFlag68:1">
      <DisplayName>PAD_元_#68#非表示</DisplayName>
      <Description>元_#68#非表示</Description>
      <DisplayFormat>%d</DisplayFormat>
      <EditFlags>Wrap</EditFlags>
      <SortID>998680</SortID>
    </Field>
    <Field Def="dummy8 invisibleFlag69:1">
      <DisplayName>PAD_元_#69#非表示</DisplayName>
      <Description>元_#69#非表示</Description>
      <DisplayFormat>%d</DisplayFormat>
      <EditFlags>Wrap</EditFlags>
      <SortID>998690</SortID>
    </Field>
    <Field Def="dummy8 invisibleFlag70:1">
      <DisplayName>PAD_元_#70#非表示</DisplayName>
      <Description>元_#70#非表示</Description>
      <DisplayFormat>%d</DisplayFormat>
      <EditFlags>Wrap</EditFlags>
      <SortID>998700</SortID>
    </Field>
    <Field Def="dummy8 invisibleFlag71:1">
      <DisplayName>PAD_元_#71#非表示</DisplayName>
      <Description>元_#71#非表示</Description>
      <DisplayFormat>%d</DisplayFormat>
      <EditFlags>Wrap</EditFlags>
      <SortID>998710</SortID>
    </Field>
    <Field Def="dummy8 invisibleFlag72:1">
      <DisplayName>PAD_元_#72#非表示</DisplayName>
      <Description>元_#72#非表示</Description>
      <DisplayFormat>%d</DisplayFormat>
      <EditFlags>Wrap</EditFlags>
      <SortID>998720</SortID>
    </Field>
    <Field Def="dummy8 invisibleFlag73:1">
      <DisplayName>PAD_元_#73#非表示</DisplayName>
      <Description>元_#73#非表示</Description>
      <DisplayFormat>%d</DisplayFormat>
      <EditFlags>Wrap</EditFlags>
      <SortID>998730</SortID>
    </Field>
    <Field Def="dummy8 invisibleFlag74:1">
      <DisplayName>PAD_元_#74#非表示</DisplayName>
      <Description>元_#74#非表示</Description>
      <DisplayFormat>%d</DisplayFormat>
      <EditFlags>Wrap</EditFlags>
      <SortID>998740</SortID>
    </Field>
    <Field Def="dummy8 invisibleFlag75:1">
      <DisplayName>PAD_元_#75#非表示</DisplayName>
      <Description>元_#75#非表示</Description>
      <DisplayFormat>%d</DisplayFormat>
      <EditFlags>Wrap</EditFlags>
      <SortID>998750</SortID>
    </Field>
    <Field Def="dummy8 invisibleFlag76:1">
      <DisplayName>PAD_元_#76#非表示</DisplayName>
      <Description>元_#76#非表示</Description>
      <DisplayFormat>%d</DisplayFormat>
      <EditFlags>Wrap</EditFlags>
      <SortID>998760</SortID>
    </Field>
    <Field Def="dummy8 invisibleFlag77:1">
      <DisplayName>PAD_元_#77#非表示</DisplayName>
      <Description>元_#77#非表示</Description>
      <DisplayFormat>%d</DisplayFormat>
      <EditFlags>Wrap</EditFlags>
      <SortID>998770</SortID>
    </Field>
    <Field Def="dummy8 invisibleFlag78:1">
      <DisplayName>PAD_元_#78#非表示</DisplayName>
      <Description>元_#78#非表示</Description>
      <DisplayFormat>%d</DisplayFormat>
      <EditFlags>Wrap</EditFlags>
      <SortID>998780</SortID>
    </Field>
    <Field Def="dummy8 invisibleFlag79:1">
      <DisplayName>PAD_元_#79#非表示</DisplayName>
      <Description>元_#79#非表示</Description>
      <DisplayFormat>%d</DisplayFormat>
      <EditFlags>Wrap</EditFlags>
      <SortID>998790</SortID>
    </Field>
    <Field Def="dummy8 invisibleFlag80:1">
      <DisplayName>PAD_元_#80#非表示</DisplayName>
      <Description>元_#80#非表示</Description>
      <DisplayFormat>%d</DisplayFormat>
      <EditFlags>Wrap</EditFlags>
      <SortID>998800</SortID>
    </Field>
    <Field Def="dummy8 padbit:7">
      <DisplayName>パディング</DisplayName>
      <DisplayFormat>%d</DisplayFormat>
      <EditFlags>Wrap</EditFlags>
      <SortID>998806</SortID>
    </Field>
    <Field Def="u8 postureControlId">
      <DisplayName>姿勢制御ID(胴)</DisplayName>
      <Description>姿勢制御ID(胴)</Description>
      <DisplayFormat>%u</DisplayFormat>
      <Maximum>99</Maximum>
      <SortID>11000</SortID>
    </Field>
    <Field Def="dummy8 pad2[4]">
      <DisplayName>pad</DisplayName>
      <DisplayFormat>%d</DisplayFormat>
      <EditFlags>Wrap</EditFlags>
      <SortID>998807</SortID>
    </Field>
    <Field Def="s32 saleValue = -1">
      <DisplayName>販売価格</DisplayName>
      <Description>販売価格</Description>
      <Minimum>-1</Minimum>
      <Maximum>99999999</Maximum>
      <SortID>2620</SortID>
    </Field>
    <Field Def="u16 resistFreeze">
      <DisplayName>冷気耐性</DisplayName>
      <Description>冷気状態異常へのかかりにくさ</Description>
      <Maximum>999</Maximum>
      <SortID>4140</SortID>
    </Field>
    <Field Def="u8 invisibleFlag_SexVer00">
      <DisplayName>#00#非表示(男女指定)</DisplayName>
      <Description>前髪の先</Description>
      <DisplayFormat>%u</DisplayFormat>
      <SortID>8000</SortID>
    </Field>
    <Field Def="u8 invisibleFlag_SexVer01">
      <DisplayName>#01#非表示(男女指定)</DisplayName>
      <Description>前髪の根元</Description>
      <DisplayFormat>%u</DisplayFormat>
      <SortID>8010</SortID>
    </Field>
    <Field Def="u8 invisibleFlag_SexVer02">
      <DisplayName>#02#非表示(男女指定)</DisplayName>
      <Description>もみあげ</Description>
      <DisplayFormat>%u</DisplayFormat>
      <SortID>8020</SortID>
    </Field>
    <Field Def="u8 invisibleFlag_SexVer03">
      <DisplayName>#03#非表示(男女指定)</DisplayName>
      <Description>頭頂部</Description>
      <DisplayFormat>%u</DisplayFormat>
      <SortID>8030</SortID>
    </Field>
    <Field Def="u8 invisibleFlag_SexVer04">
      <DisplayName>#04#非表示(男女指定)</DisplayName>
      <Description>頭頂部</Description>
      <DisplayFormat>%u</DisplayFormat>
      <SortID>8040</SortID>
    </Field>
    <Field Def="u8 invisibleFlag_SexVer05">
      <DisplayName>#05#非表示(男女指定)</DisplayName>
      <Description>後ろ髪</Description>
      <DisplayFormat>%u</DisplayFormat>
      <SortID>8050</SortID>
    </Field>
    <Field Def="u8 invisibleFlag_SexVer06">
      <DisplayName>#06#非表示(男女指定)</DisplayName>
      <Description>後ろ髪の先</Description>
      <DisplayFormat>%u</DisplayFormat>
      <SortID>8060</SortID>
    </Field>
    <Field Def="u8 invisibleFlag_SexVer07">
      <DisplayName>#07#非表示(男女指定)</DisplayName>
      <DisplayFormat>%u</DisplayFormat>
      <SortID>8070</SortID>
    </Field>
    <Field Def="u8 invisibleFlag_SexVer08">
      <DisplayName>#08#非表示(男女指定)</DisplayName>
      <DisplayFormat>%u</DisplayFormat>
      <SortID>8080</SortID>
    </Field>
    <Field Def="u8 invisibleFlag_SexVer09">
      <DisplayName>#09#非表示(男女指定)</DisplayName>
      <DisplayFormat>%u</DisplayFormat>
      <SortID>8090</SortID>
    </Field>
    <Field Def="u8 invisibleFlag_SexVer10">
      <DisplayName>#10#非表示(男女指定)</DisplayName>
      <Description>襟</Description>
      <DisplayFormat>%u</DisplayFormat>
      <SortID>8100</SortID>
    </Field>
    <Field Def="u8 invisibleFlag_SexVer11">
      <DisplayName>#11#非表示(男女指定)</DisplayName>
      <Description>襟回り</Description>
      <DisplayFormat>%u</DisplayFormat>
      <SortID>8110</SortID>
    </Field>
    <Field Def="u8 invisibleFlag_SexVer12">
      <DisplayName>#12#非表示(男女指定)</DisplayName>
      <DisplayFormat>%u</DisplayFormat>
      <SortID>8120</SortID>
    </Field>
    <Field Def="u8 invisibleFlag_SexVer13">
      <DisplayName>#13#非表示(男女指定)</DisplayName>
      <DisplayFormat>%u</DisplayFormat>
      <SortID>8130</SortID>
    </Field>
    <Field Def="u8 invisibleFlag_SexVer14">
      <DisplayName>#14#非表示(男女指定)</DisplayName>
      <DisplayFormat>%u</DisplayFormat>
      <SortID>8140</SortID>
    </Field>
    <Field Def="u8 invisibleFlag_SexVer15">
      <DisplayName>#15#非表示(男女指定)</DisplayName>
      <Description>頭巾の裾</Description>
      <DisplayFormat>%u</DisplayFormat>
      <SortID>8150</SortID>
    </Field>
    <Field Def="u8 invisibleFlag_SexVer16">
      <DisplayName>#16#非表示(男女指定)</DisplayName>
      <DisplayFormat>%u</DisplayFormat>
      <SortID>8160</SortID>
    </Field>
    <Field Def="u8 invisibleFlag_SexVer17">
      <DisplayName>#17#非表示(男女指定)</DisplayName>
      <DisplayFormat>%u</DisplayFormat>
      <SortID>8170</SortID>
    </Field>
    <Field Def="u8 invisibleFlag_SexVer18">
      <DisplayName>#18#非表示(男女指定)</DisplayName>
      <DisplayFormat>%u</DisplayFormat>
      <SortID>8180</SortID>
    </Field>
    <Field Def="u8 invisibleFlag_SexVer19">
      <DisplayName>#19#非表示(男女指定)</DisplayName>
      <DisplayFormat>%u</DisplayFormat>
      <SortID>8190</SortID>
    </Field>
    <Field Def="u8 invisibleFlag_SexVer20">
      <DisplayName>#20#非表示(男女指定)</DisplayName>
      <Description>袖A</Description>
      <DisplayFormat>%u</DisplayFormat>
      <SortID>8200</SortID>
    </Field>
    <Field Def="u8 invisibleFlag_SexVer21">
      <DisplayName>#21#非表示(男女指定)</DisplayName>
      <Description>袖B</Description>
      <DisplayFormat>%u</DisplayFormat>
      <SortID>8210</SortID>
    </Field>
    <Field Def="u8 invisibleFlag_SexVer22">
      <DisplayName>#22#非表示(男女指定)</DisplayName>
      <DisplayFormat>%u</DisplayFormat>
      <SortID>8220</SortID>
    </Field>
    <Field Def="u8 invisibleFlag_SexVer23">
      <DisplayName>#23#非表示(男女指定)</DisplayName>
      <DisplayFormat>%u</DisplayFormat>
      <SortID>8230</SortID>
    </Field>
    <Field Def="u8 invisibleFlag_SexVer24">
      <DisplayName>#24#非表示(男女指定)</DisplayName>
      <DisplayFormat>%u</DisplayFormat>
      <SortID>8240</SortID>
    </Field>
    <Field Def="u8 invisibleFlag_SexVer25">
      <DisplayName>#25#非表示(男女指定)</DisplayName>
      <Description>腕</Description>
      <DisplayFormat>%u</DisplayFormat>
      <SortID>8250</SortID>
    </Field>
    <Field Def="u8 invisibleFlag_SexVer26">
      <DisplayName>#26#非表示(男女指定)</DisplayName>
      <DisplayFormat>%u</DisplayFormat>
      <SortID>8260</SortID>
    </Field>
    <Field Def="u8 invisibleFlag_SexVer27">
      <DisplayName>#27#非表示(男女指定)</DisplayName>
      <DisplayFormat>%u</DisplayFormat>
      <SortID>8270</SortID>
    </Field>
    <Field Def="u8 invisibleFlag_SexVer28">
      <DisplayName>#28#非表示(男女指定)</DisplayName>
      <DisplayFormat>%u</DisplayFormat>
      <SortID>8280</SortID>
    </Field>
    <Field Def="u8 invisibleFlag_SexVer29">
      <DisplayName>#29#非表示(男女指定)</DisplayName>
      <DisplayFormat>%u</DisplayFormat>
      <SortID>8290</SortID>
    </Field>
    <Field Def="u8 invisibleFlag_SexVer30">
      <DisplayName>#30#非表示(男女指定)</DisplayName>
      <Description>ベルト</Description>
      <DisplayFormat>%u</DisplayFormat>
      <SortID>8300</SortID>
    </Field>
    <Field Def="u8 invisibleFlag_SexVer31">
      <DisplayName>#31#非表示(男女指定)</DisplayName>
      <DisplayFormat>%u</DisplayFormat>
      <SortID>8310</SortID>
    </Field>
    <Field Def="u8 invisibleFlag_SexVer32">
      <DisplayName>#32#非表示(男女指定)</DisplayName>
      <DisplayFormat>%u</DisplayFormat>
      <SortID>8320</SortID>
    </Field>
    <Field Def="u8 invisibleFlag_SexVer33">
      <DisplayName>#33#非表示(男女指定)</DisplayName>
      <DisplayFormat>%u</DisplayFormat>
      <SortID>8330</SortID>
    </Field>
    <Field Def="u8 invisibleFlag_SexVer34">
      <DisplayName>#34#非表示(男女指定)</DisplayName>
      <DisplayFormat>%u</DisplayFormat>
      <SortID>8340</SortID>
    </Field>
    <Field Def="u8 invisibleFlag_SexVer35">
      <DisplayName>#35#非表示(男女指定)</DisplayName>
      <DisplayFormat>%u</DisplayFormat>
      <SortID>8350</SortID>
    </Field>
    <Field Def="u8 invisibleFlag_SexVer36">
      <DisplayName>#36#非表示(男女指定)</DisplayName>
      <DisplayFormat>%u</DisplayFormat>
      <SortID>8360</SortID>
    </Field>
    <Field Def="u8 invisibleFlag_SexVer37">
      <DisplayName>#37#非表示(男女指定)</DisplayName>
      <DisplayFormat>%u</DisplayFormat>
      <SortID>8370</SortID>
    </Field>
    <Field Def="u8 invisibleFlag_SexVer38">
      <DisplayName>#38#非表示(男女指定)</DisplayName>
      <DisplayFormat>%u</DisplayFormat>
      <SortID>8380</SortID>
    </Field>
    <Field Def="u8 invisibleFlag_SexVer39">
      <DisplayName>#39#非表示(男女指定)</DisplayName>
      <DisplayFormat>%u</DisplayFormat>
      <SortID>8390</SortID>
    </Field>
    <Field Def="u8 invisibleFlag_SexVer40">
      <DisplayName>#40#非表示(男女指定)</DisplayName>
      <DisplayFormat>%u</DisplayFormat>
      <SortID>8400</SortID>
    </Field>
    <Field Def="u8 invisibleFlag_SexVer41">
      <DisplayName>#41#非表示(男女指定)</DisplayName>
      <DisplayFormat>%u</DisplayFormat>
      <SortID>8410</SortID>
    </Field>
    <Field Def="u8 invisibleFlag_SexVer42">
      <DisplayName>#42#非表示(男女指定)</DisplayName>
      <DisplayFormat>%u</DisplayFormat>
      <SortID>8420</SortID>
    </Field>
    <Field Def="u8 invisibleFlag_SexVer43">
      <DisplayName>#43#非表示(男女指定)</DisplayName>
      <DisplayFormat>%u</DisplayFormat>
      <SortID>8430</SortID>
    </Field>
    <Field Def="u8 invisibleFlag_SexVer44">
      <DisplayName>#44#非表示(男女指定)</DisplayName>
      <DisplayFormat>%u</DisplayFormat>
      <SortID>8440</SortID>
    </Field>
    <Field Def="u8 invisibleFlag_SexVer45">
      <DisplayName>#45#非表示(男女指定)</DisplayName>
      <DisplayFormat>%u</DisplayFormat>
      <SortID>8450</SortID>
    </Field>
    <Field Def="u8 invisibleFlag_SexVer46">
      <DisplayName>#46#非表示(男女指定)</DisplayName>
      <DisplayFormat>%u</DisplayFormat>
      <SortID>8460</SortID>
    </Field>
    <Field Def="u8 invisibleFlag_SexVer47">
      <DisplayName>#47#非表示(男女指定)</DisplayName>
      <DisplayFormat>%u</DisplayFormat>
      <SortID>8470</SortID>
    </Field>
    <Field Def="u8 invisibleFlag_SexVer48">
      <DisplayName>#48#非表示(男女指定)</DisplayName>
      <DisplayFormat>%u</DisplayFormat>
      <SortID>8480</SortID>
    </Field>
    <Field Def="u8 invisibleFlag_SexVer49">
      <DisplayName>#49#非表示(男女指定)</DisplayName>
      <DisplayFormat>%u</DisplayFormat>
      <SortID>8490</SortID>
    </Field>
    <Field Def="u8 invisibleFlag_SexVer50">
      <DisplayName>#50#非表示(男女指定)</DisplayName>
      <DisplayFormat>%u</DisplayFormat>
      <SortID>8500</SortID>
    </Field>
    <Field Def="u8 invisibleFlag_SexVer51">
      <DisplayName>#51#非表示(男女指定)</DisplayName>
      <DisplayFormat>%u</DisplayFormat>
      <SortID>8510</SortID>
    </Field>
    <Field Def="u8 invisibleFlag_SexVer52">
      <DisplayName>#52#非表示(男女指定)</DisplayName>
      <DisplayFormat>%u</DisplayFormat>
      <SortID>8520</SortID>
    </Field>
    <Field Def="u8 invisibleFlag_SexVer53">
      <DisplayName>#53#非表示(男女指定)</DisplayName>
      <DisplayFormat>%u</DisplayFormat>
      <SortID>8530</SortID>
    </Field>
    <Field Def="u8 invisibleFlag_SexVer54">
      <DisplayName>#54#非表示(男女指定)</DisplayName>
      <DisplayFormat>%u</DisplayFormat>
      <SortID>8540</SortID>
    </Field>
    <Field Def="u8 invisibleFlag_SexVer55">
      <DisplayName>#55#非表示(男女指定)</DisplayName>
      <DisplayFormat>%u</DisplayFormat>
      <SortID>8550</SortID>
    </Field>
    <Field Def="u8 invisibleFlag_SexVer56">
      <DisplayName>#56#非表示(男女指定)</DisplayName>
      <DisplayFormat>%u</DisplayFormat>
      <SortID>8560</SortID>
    </Field>
    <Field Def="u8 invisibleFlag_SexVer57">
      <DisplayName>#57#非表示(男女指定)</DisplayName>
      <DisplayFormat>%u</DisplayFormat>
      <SortID>8570</SortID>
    </Field>
    <Field Def="u8 invisibleFlag_SexVer58">
      <DisplayName>#58#非表示(男女指定)</DisplayName>
      <DisplayFormat>%u</DisplayFormat>
      <SortID>8580</SortID>
    </Field>
    <Field Def="u8 invisibleFlag_SexVer59">
      <DisplayName>#59#非表示(男女指定)</DisplayName>
      <DisplayFormat>%u</DisplayFormat>
      <SortID>8590</SortID>
    </Field>
    <Field Def="u8 invisibleFlag_SexVer60">
      <DisplayName>#60#非表示(男女指定)</DisplayName>
      <DisplayFormat>%u</DisplayFormat>
      <SortID>8600</SortID>
    </Field>
    <Field Def="u8 invisibleFlag_SexVer61">
      <DisplayName>#61#非表示(男女指定)</DisplayName>
      <DisplayFormat>%u</DisplayFormat>
      <SortID>8610</SortID>
    </Field>
    <Field Def="u8 invisibleFlag_SexVer62">
      <DisplayName>#62#非表示(男女指定)</DisplayName>
      <DisplayFormat>%u</DisplayFormat>
      <SortID>8620</SortID>
    </Field>
    <Field Def="u8 invisibleFlag_SexVer63">
      <DisplayName>#63#非表示(男女指定)</DisplayName>
      <DisplayFormat>%u</DisplayFormat>
      <SortID>8630</SortID>
    </Field>
    <Field Def="u8 invisibleFlag_SexVer64">
      <DisplayName>#64#非表示(男女指定)</DisplayName>
      <DisplayFormat>%u</DisplayFormat>
      <SortID>8640</SortID>
    </Field>
    <Field Def="u8 invisibleFlag_SexVer65">
      <DisplayName>#65#非表示(男女指定)</DisplayName>
      <DisplayFormat>%u</DisplayFormat>
      <SortID>8650</SortID>
    </Field>
    <Field Def="u8 invisibleFlag_SexVer66">
      <DisplayName>#66#非表示(男女指定)</DisplayName>
      <DisplayFormat>%u</DisplayFormat>
      <SortID>8660</SortID>
    </Field>
    <Field Def="u8 invisibleFlag_SexVer67">
      <DisplayName>#67#非表示(男女指定)</DisplayName>
      <DisplayFormat>%u</DisplayFormat>
      <SortID>8670</SortID>
    </Field>
    <Field Def="u8 invisibleFlag_SexVer68">
      <DisplayName>#68#非表示(男女指定)</DisplayName>
      <DisplayFormat>%u</DisplayFormat>
      <SortID>8680</SortID>
    </Field>
    <Field Def="u8 invisibleFlag_SexVer69">
      <DisplayName>#69#非表示(男女指定)</DisplayName>
      <DisplayFormat>%u</DisplayFormat>
      <SortID>8690</SortID>
    </Field>
    <Field Def="u8 invisibleFlag_SexVer70">
      <DisplayName>#70#非表示(男女指定)</DisplayName>
      <DisplayFormat>%u</DisplayFormat>
      <SortID>8700</SortID>
    </Field>
    <Field Def="u8 invisibleFlag_SexVer71">
      <DisplayName>#71#非表示(男女指定)</DisplayName>
      <DisplayFormat>%u</DisplayFormat>
      <SortID>8710</SortID>
    </Field>
    <Field Def="u8 invisibleFlag_SexVer72">
      <DisplayName>#72#非表示(男女指定)</DisplayName>
      <DisplayFormat>%u</DisplayFormat>
      <SortID>8720</SortID>
    </Field>
    <Field Def="u8 invisibleFlag_SexVer73">
      <DisplayName>#73#非表示(男女指定)</DisplayName>
      <DisplayFormat>%u</DisplayFormat>
      <SortID>8730</SortID>
    </Field>
    <Field Def="u8 invisibleFlag_SexVer74">
      <DisplayName>#74#非表示(男女指定)</DisplayName>
      <DisplayFormat>%u</DisplayFormat>
      <SortID>8740</SortID>
    </Field>
    <Field Def="u8 invisibleFlag_SexVer75">
      <DisplayName>#75#非表示(男女指定)</DisplayName>
      <DisplayFormat>%u</DisplayFormat>
      <SortID>8750</SortID>
    </Field>
    <Field Def="u8 invisibleFlag_SexVer76">
      <DisplayName>#76#非表示(男女指定)</DisplayName>
      <DisplayFormat>%u</DisplayFormat>
      <SortID>8760</SortID>
    </Field>
    <Field Def="u8 invisibleFlag_SexVer77">
      <DisplayName>#77#非表示(男女指定)</DisplayName>
      <DisplayFormat>%u</DisplayFormat>
      <SortID>8770</SortID>
    </Field>
    <Field Def="u8 invisibleFlag_SexVer78">
      <DisplayName>#78#非表示(男女指定)</DisplayName>
      <DisplayFormat>%u</DisplayFormat>
      <SortID>8780</SortID>
    </Field>
    <Field Def="u8 invisibleFlag_SexVer79">
      <DisplayName>#79#非表示(男女指定)</DisplayName>
      <DisplayFormat>%u</DisplayFormat>
      <SortID>8790</SortID>
    </Field>
    <Field Def="u8 invisibleFlag_SexVer80">
      <DisplayName>#80#非表示(男女指定)</DisplayName>
      <DisplayFormat>%u</DisplayFormat>
      <SortID>8800</SortID>
    </Field>
    <Field Def="u8 invisibleFlag_SexVer81">
      <DisplayName>#81#非表示(男女指定)</DisplayName>
      <DisplayFormat>%u</DisplayFormat>
      <SortID>8810</SortID>
    </Field>
    <Field Def="u8 invisibleFlag_SexVer82">
      <DisplayName>#82#非表示(男女指定)</DisplayName>
      <DisplayFormat>%u</DisplayFormat>
      <SortID>8820</SortID>
    </Field>
    <Field Def="u8 invisibleFlag_SexVer83">
      <DisplayName>#83#非表示(男女指定)</DisplayName>
      <DisplayFormat>%u</DisplayFormat>
      <SortID>8830</SortID>
    </Field>
    <Field Def="u8 invisibleFlag_SexVer84">
      <DisplayName>#84#非表示(男女指定)</DisplayName>
      <DisplayFormat>%u</DisplayFormat>
      <SortID>8840</SortID>
    </Field>
    <Field Def="u8 invisibleFlag_SexVer85">
      <DisplayName>#85#非表示(男女指定)</DisplayName>
      <DisplayFormat>%u</DisplayFormat>
      <SortID>8850</SortID>
    </Field>
    <Field Def="u8 invisibleFlag_SexVer86">
      <DisplayName>#86#非表示(男女指定)</DisplayName>
      <DisplayFormat>%u</DisplayFormat>
      <SortID>8860</SortID>
    </Field>
    <Field Def="u8 invisibleFlag_SexVer87">
      <DisplayName>#87#非表示(男女指定)</DisplayName>
      <DisplayFormat>%u</DisplayFormat>
      <SortID>8870</SortID>
    </Field>
    <Field Def="u8 invisibleFlag_SexVer88">
      <DisplayName>#88#非表示(男女指定)</DisplayName>
      <DisplayFormat>%u</DisplayFormat>
      <SortID>8880</SortID>
    </Field>
    <Field Def="u8 invisibleFlag_SexVer89">
      <DisplayName>#89#非表示(男女指定)</DisplayName>
      <DisplayFormat>%u</DisplayFormat>
      <SortID>8890</SortID>
    </Field>
    <Field Def="u8 invisibleFlag_SexVer90">
      <DisplayName>#90#非表示(男女指定)</DisplayName>
      <DisplayFormat>%u</DisplayFormat>
      <SortID>8900</SortID>
    </Field>
    <Field Def="u8 invisibleFlag_SexVer91">
      <DisplayName>#91#非表示(男女指定)</DisplayName>
      <DisplayFormat>%u</DisplayFormat>
      <SortID>8910</SortID>
    </Field>
    <Field Def="u8 invisibleFlag_SexVer92">
      <DisplayName>#92#非表示(男女指定)</DisplayName>
      <DisplayFormat>%u</DisplayFormat>
      <SortID>8920</SortID>
    </Field>
    <Field Def="u8 invisibleFlag_SexVer93">
      <DisplayName>#93#非表示(男女指定)</DisplayName>
      <DisplayFormat>%u</DisplayFormat>
      <SortID>8930</SortID>
    </Field>
    <Field Def="u8 invisibleFlag_SexVer94">
      <DisplayName>#94#非表示(男女指定)</DisplayName>
      <DisplayFormat>%u</DisplayFormat>
      <SortID>8940</SortID>
    </Field>
    <Field Def="u8 invisibleFlag_SexVer95">
      <DisplayName>#95#非表示(男女指定)</DisplayName>
      <DisplayFormat>%u</DisplayFormat>
      <SortID>8950</SortID>
    </Field>
    <Field Def="dummy8 pad404[14]">
      <DisplayName>パディング</DisplayName>
      <Description>パディング</Description>
      <DisplayFormat>%d</DisplayFormat>
      <EditFlags>Wrap</EditFlags>
      <SortID>998808</SortID>
    </Field>
  </Fields>
</PARAMDEF>