﻿<?xml version="1.0" encoding="utf-8"?>
<PARAMDEF XmlVersion="2">
  <ParamType>FE_TEXT_EFFECT_PARAM_ST</ParamType>
  <DataVersion>1</DataVersion>
  <BigEndian>False</BigEndian>
  <Unicode>True</Unicode>
  <FormatVersion>203</FormatVersion>
  <Fields>
    <Field Def="s16 resId">
      <DisplayName>リソースID</DisplayName>
      <Description>メニューリソースのインスタンス名。TextEffect_X のID</Description>
      <EditFlags>None</EditFlags>
      <Minimum>-1</Minimum>
      <SortID>100</SortID>
    </Field>
    <Field Def="dummy8 pad1[2]">
      <DisplayName>パディング</DisplayName>
      <SortID>401</SortID>
    </Field>
    <Field Def="s32 textId = -1">
      <DisplayName>テキストID</DisplayName>
      <Description>表示するテキストID(-1: テキストなし)。MenuText</Description>
      <EditFlags>None</EditFlags>
      <Minimum>-1</Minimum>
      <Maximum>999999999</Maximum>
      <SortID>200</SortID>
    </Field>
    <Field Def="s32 seId = -1">
      <DisplayName>SEのID</DisplayName>
      <Description>再生するVoiceのID(-1: SEなし)</Description>
      <EditFlags>None</EditFlags>
      <Minimum>-1</Minimum>
      <Maximum>999999999</Maximum>
      <SortID>300</SortID>
    </Field>
    <Field Def="u8 canMixMapName:1">
      <DisplayName>マップ名と同時に表示するか</DisplayName>
      <Enum>BOOL_CIRCLECROSS_TYPE</Enum>
      <Description>マップ名と同時に表示するか</Description>
      <EditFlags>None</EditFlags>
      <Maximum>1</Maximum>
      <SortID>400</SortID>
    </Field>
    <Field Def="dummy8 pad3:7">
      <DisplayName>パディング</DisplayName>
      <SortID>402</SortID>
    </Field>
    <Field Def="dummy8 pad2[19]">
      <DisplayName>パディング</DisplayName>
      <SortID>403</SortID>
    </Field>
  </Fields>
</PARAMDEF>