﻿<?xml version="1.0" encoding="utf-8"?>
<PARAMDEF XmlVersion="2">
  <ParamType>MAP_PIECE_TEX_PARAM_ST</ParamType>
  <DataVersion>1</DataVersion>
  <BigEndian>False</BigEndian>
  <Unicode>True</Unicode>
  <FormatVersion>203</FormatVersion>
  <Fields>
    <Field Def="u8 disableParam_NT:1">
      <DisplayName>NT版出力から外すか</DisplayName>
      <Enum>BOOL_CIRCLECROSS_TYPE</Enum>
      <Description>○をつけたパラメータをNT版パッケージでは除外します</Description>
      <EditFlags>None</EditFlags>
      <Maximum>1</Maximum>
    </Field>
    <Field Def="dummy8 disableParamReserve1:7">
      <DisplayName>パッケージ出力用リザーブ1</DisplayName>
      <Description>パッケージ出力用リザーブ1</Description>
      <SortID>301</SortID>
    </Field>
    <Field Def="dummy8 disableParamReserve2[3]">
      <DisplayName>パッケージ出力用リザーブ2</DisplayName>
      <Description>パッケージ出力用リザーブ2</Description>
      <SortID>302</SortID>
    </Field>
    <Field Def="u8 srcR">
      <DisplayName>R</DisplayName>
      <Description>変換前の地図画像のカラー情報（R）。RGB値が一致したピクセルとこのパラメータが紐づく</Description>
      <DisplayFormat>%u</DisplayFormat>
      <EditFlags>None</EditFlags>
      <SortID>110</SortID>
      <UnkC8>画像色情報</UnkC8>
    </Field>
    <Field Def="u8 srcG">
      <DisplayName>G</DisplayName>
      <Description>変換前の地図画像のカラー情報（G）。RGB値が一致したピクセルとこのパラメータが紐づく</Description>
      <DisplayFormat>%u</DisplayFormat>
      <EditFlags>None</EditFlags>
      <SortID>120</SortID>
      <UnkC8>画像色情報</UnkC8>
    </Field>
    <Field Def="u8 srcB">
      <DisplayName>B</DisplayName>
      <Description>変換前の地図画像のカラー情報（B）。RGB値が一致したピクセルとこのパラメータが紐づく</Description>
      <DisplayFormat>%u</DisplayFormat>
      <EditFlags>None</EditFlags>
      <SortID>130</SortID>
      <UnkC8>画像色情報</UnkC8>
    </Field>
    <Field Def="dummy8 pad1[1]">
      <DisplayName>パッド</DisplayName>
      <Description>パッド。一応「画像色情報（A）」用で空けておく</Description>
      <SortID>303</SortID>
    </Field>
    <Field Def="s32 saveMapNameId = -1">
      <DisplayName>マップ名ID_セーブデータ表示用</DisplayName>
      <Description>セーブデータ表示用のマップ名ID[PlaceName](0:無効値)</Description>
      <EditFlags>None</EditFlags>
      <SortID>200</SortID>
    </Field>
    <Field Def="s32 multiPlayAreaId = -1">
      <DisplayName>マルチプレイエリアID</DisplayName>
      <Description>マルチプレイエリアID(-1:無効値)</Description>
      <EditFlags>None</EditFlags>
      <Minimum>-1</Minimum>
      <Maximum>1999999999</Maximum>
      <SortID>300</SortID>
    </Field>
  </Fields>
</PARAMDEF>