﻿<?xml version="1.0" encoding="utf-8"?>
<PARAMDEF XmlVersion="2">
  <ParamType>MIMICRY_ESTABLISHMENT_TEX_PARAM_ST</ParamType>
  <DataVersion>1</DataVersion>
  <BigEndian>False</BigEndian>
  <Unicode>True</Unicode>
  <FormatVersion>203</FormatVersion>
  <Fields>
    <Field Def="u8 disableParam_NT:1">
      <DisplayName>NT版出力から外すか</DisplayName>
      <Enum>BOOL_CIRCLECROSS_TYPE</Enum>
      <Description>○をつけたパラメータをNT版パッケージでは除外します</Description>
      <EditFlags>None</EditFlags>
      <Maximum>1</Maximum>
    </Field>
    <Field Def="dummy8 disableParamReserve1:7">
      <DisplayName>パッケージ出力用リザーブ1</DisplayName>
      <Description>パッケージ出力用リザーブ1</Description>
      <SortID>201</SortID>
    </Field>
    <Field Def="dummy8 disableParamReserve2[3]">
      <DisplayName>パッケージ出力用リザーブ2</DisplayName>
      <Description>パッケージ出力用リザーブ2</Description>
      <SortID>202</SortID>
    </Field>
    <Field Def="u8 srcR">
      <DisplayName>R</DisplayName>
      <Description>変換前の地図画像のカラー情報（R）。RGB値が一致したピクセルとこのパラメータが紐づく</Description>
      <DisplayFormat>%u</DisplayFormat>
      <EditFlags>None</EditFlags>
      <SortID>110</SortID>
      <UnkC8>画像色情報</UnkC8>
    </Field>
    <Field Def="u8 srcG">
      <DisplayName>G</DisplayName>
      <Description>変換前の地図画像のカラー情報（G）。RGB値が一致したピクセルとこのパラメータが紐づく</Description>
      <DisplayFormat>%u</DisplayFormat>
      <EditFlags>None</EditFlags>
      <SortID>120</SortID>
      <UnkC8>画像色情報</UnkC8>
    </Field>
    <Field Def="u8 srcB">
      <DisplayName>B</DisplayName>
      <Description>変換前の地図画像のカラー情報（B）。RGB値が一致したピクセルとこのパラメータが紐づく</Description>
      <DisplayFormat>%u</DisplayFormat>
      <EditFlags>None</EditFlags>
      <SortID>130</SortID>
      <UnkC8>画像色情報</UnkC8>
    </Field>
    <Field Def="dummy8 pad1[1]">
      <DisplayName>パッド</DisplayName>
      <Description>パッド。一応「画像色情報（A）」用で空けておく</Description>
      <SortID>203</SortID>
    </Field>
    <Field Def="s32 mimicryEstablishmentParamId = -1">
      <DisplayName>マップ別擬態確率パラメータID</DisplayName>
      <Description>マップ別擬態確率パラメータID(-1:設定なし(デフォルト値))。地域はMapStudioと合わせてある</Description>
      <EditFlags>None</EditFlags>
      <Minimum>-1</Minimum>
      <Maximum>999999999</Maximum>
      <SortID>200</SortID>
    </Field>
    <Field Def="dummy8 pad2[4]">
      <DisplayName>パッド2</DisplayName>
      <SortID>204</SortID>
    </Field>
  </Fields>
</PARAMDEF>