﻿<?xml version="1.0" encoding="utf-8"?>
<PARAMDEF XmlVersion="2">
  <ParamType>SE_ACTIVATION_RANGE_PARAM_ST</ParamType>
  <DataVersion>1</DataVersion>
  <BigEndian>False</BigEndian>
  <Unicode>True</Unicode>
  <FormatVersion>203</FormatVersion>
  <Fields>
    <Field Def="f32 activateRange">
      <DisplayName>アクティベート距離</DisplayName>
      <Description>配置SEを有効化する距離(m) (0以下：常に有効化)</Description>
      <Minimum>-1</Minimum>
      <Maximum>9999</Maximum>
      <Increment>1</Increment>
      <SortID>1</SortID>
    </Field>
  </Fields>
</PARAMDEF>