﻿<?xml version="1.0" encoding="utf-8"?>
<PARAMDEF XmlVersion="2">
  <ParamType>SE_MATERIAL_CONVERT_PARAM_ST</ParamType>
  <DataVersion>1</DataVersion>
  <BigEndian>False</BigEndian>
  <Unicode>True</Unicode>
  <FormatVersion>203</FormatVersion>
  <Fields>
    <Field Def="u8 seMaterialId">
      <DisplayName>SE材質ID</DisplayName>
      <Enum>MATERIAL_SE_TYPE</Enum>
      <Description>SFX材質ID（３桁）からSE材質ID（２桁）への変換</Description>
      <SortID>1</SortID>
    </Field>
    <Field Def="dummy8 pad[3]">
      <DisplayName>パディング</DisplayName>
      <Description>パディング</Description>
      <SortID>3</SortID>
    </Field>
  </Fields>
</PARAMDEF>