﻿<?xml version="1.0" encoding="utf-8"?>
<PARAMDEF XmlVersion="2">
  <ParamType>SIGN_PUDDLE_SUB_CATEGORY_PARAM_ST</ParamType>
  <DataVersion>2</DataVersion>
  <BigEndian>False</BigEndian>
  <Unicode>True</Unicode>
  <FormatVersion>203</FormatVersion>
  <Fields>
    <Field Def="dummy8 startPad[4]" />
    <Field Def="s32 signPuddleCategoryText" />
    <Field Def="u16 signPuddleTabId" />
    <Field Def="u16 unknown_0xa" />
    <Field Def="dummy8 endPad[4]" />

  </Fields>
</PARAMDEF>