﻿<?xml version="1.0" encoding="utf-8"?>
<PARAMDEF XmlVersion="2">
  <ParamType>SPEEDTREE_MODEL_PARAM_ST</ParamType>
  <DataVersion>2</DataVersion>
  <BigEndian>False</BigEndian>
  <Unicode>True</Unicode>
  <FormatVersion>203</FormatVersion>
  <Fields>
    <Field Def="f32 MinFadeLeaf">
      <DisplayName>Leafの最小フェード値</DisplayName>
      <EditFlags>Lock</EditFlags>
      <Minimum>0</Minimum>
      <Maximum>1</Maximum>
      <Increment>0.1</Increment>
      <SortID>1</SortID>
    </Field>
    <Field Def="f32 MinFadeFrond">
      <DisplayName>Frondの最小フェード値</DisplayName>
      <EditFlags>Lock</EditFlags>
      <Minimum>0</Minimum>
      <Maximum>1</Maximum>
      <Increment>0.1</Increment>
      <SortID>2</SortID>
    </Field>
    <Field Def="f32 MinFadeBranch">
      <DisplayName>Branchの最小フェード値</DisplayName>
      <EditFlags>Lock</EditFlags>
      <Minimum>0</Minimum>
      <Maximum>1</Maximum>
      <Increment>0.1</Increment>
      <SortID>3</SortID>
    </Field>
    <Field Def="f32 MinTranslucencyLeaf">
      <DisplayName>Leafの透過光最小値</DisplayName>
      <EditFlags>Lock</EditFlags>
      <Minimum>0</Minimum>
      <Maximum>10</Maximum>
      <Increment>0.1</Increment>
      <SortID>4</SortID>
    </Field>
    <Field Def="f32 MaxTranslucencyLeaf = 5">
      <DisplayName>Leafの透過光最大値</DisplayName>
      <EditFlags>Lock</EditFlags>
      <Minimum>0</Minimum>
      <Maximum>10</Maximum>
      <Increment>0.1</Increment>
      <SortID>5</SortID>
    </Field>
    <Field Def="f32 MinTranslucencyFrond">
      <DisplayName>Frondの透過光最小値</DisplayName>
      <EditFlags>Lock</EditFlags>
      <Minimum>0</Minimum>
      <Maximum>10</Maximum>
      <Increment>0.1</Increment>
      <SortID>6</SortID>
    </Field>
    <Field Def="f32 MaxTranslucencyFrond = 5">
      <DisplayName>Frondの透過光最大値</DisplayName>
      <EditFlags>Lock</EditFlags>
      <Minimum>0</Minimum>
      <Maximum>10</Maximum>
      <Increment>0.1</Increment>
      <SortID>7</SortID>
    </Field>
    <Field Def="f32 MinTranslucencyBranch">
      <DisplayName>Branchの透過光最小値</DisplayName>
      <EditFlags>Lock</EditFlags>
      <Minimum>0</Minimum>
      <Maximum>10</Maximum>
      <Increment>0.1</Increment>
      <SortID>8</SortID>
    </Field>
    <Field Def="f32 MaxTranslucencyBranch = 5">
      <DisplayName>Branchの透過光最大値</DisplayName>
      <EditFlags>Lock</EditFlags>
      <Minimum>0</Minimum>
      <Maximum>10</Maximum>
      <Increment>0.1</Increment>
      <SortID>9</SortID>
    </Field>
    <Field Def="f32 BillboardBackSpecularWeakenParam = 1">
      <DisplayName>ビルボードのSpecular抑制値</DisplayName>
      <EditFlags>Lock</EditFlags>
      <Minimum>0</Minimum>
      <Maximum>1</Maximum>
      <SortID>10</SortID>
    </Field>
  </Fields>
</PARAMDEF>