﻿<?xml version="1.0" encoding="utf-8"?>
<PARAMDEF XmlVersion="2">
  <ParamType>SP_EFFECT_SET_PARAM_ST</ParamType>
  <DataVersion>1</DataVersion>
  <BigEndian>False</BigEndian>
  <Unicode>True</Unicode>
  <FormatVersion>203</FormatVersion>
  <Fields>
    <Field Def="s32 spEffectId1 = -1">
      <DisplayName>特殊効果ID1</DisplayName>
      <Description>特殊効果ID1</Description>
      <EditFlags>None</EditFlags>
      <Minimum>-1</Minimum>
      <Maximum>999999</Maximum>
      <SortID>1000</SortID>
    </Field>
    <Field Def="s32 spEffectId2 = -1">
      <DisplayName>特殊効果ID2</DisplayName>
      <Description>特殊効果ID2</Description>
      <EditFlags>None</EditFlags>
      <Minimum>-1</Minimum>
      <Maximum>999999</Maximum>
      <SortID>1001</SortID>
    </Field>
    <Field Def="s32 spEffectId3 = -1">
      <DisplayName>特殊効果ID3</DisplayName>
      <Description>特殊効果ID3</Description>
      <EditFlags>None</EditFlags>
      <Minimum>-1</Minimum>
      <Maximum>999999</Maximum>
      <SortID>1002</SortID>
    </Field>
    <Field Def="s32 spEffectId4 = -1">
      <DisplayName>特殊効果ID4</DisplayName>
      <Description>特殊効果ID4</Description>
      <EditFlags>None</EditFlags>
      <Minimum>-1</Minimum>
      <Maximum>999999</Maximum>
      <SortID>1003</SortID>
    </Field>
  </Fields>
</PARAMDEF>