﻿<?xml version="1.0" encoding="utf-8"?>
<PARAMDEF XmlVersion="2">
  <ParamType>THROW_DIRECTION_SFX_PARAM_ST</ParamType>
  <DataVersion>1</DataVersion>
  <BigEndian>False</BigEndian>
  <Unicode>True</Unicode>
  <FormatVersion>106</FormatVersion>
  <Fields>
    <Field Def="s32 sfxId_00">
      <DisplayName>0</DisplayName>
      <Description>使用するSFXのID</Description>
      <Minimum>0</Minimum>
      <Maximum>9999999</Maximum>
      <SortID>1000</SortID>
    </Field>
    <Field Def="s32 sfxId_01">
      <DisplayName>1</DisplayName>
      <Description>使用するSFXのID</Description>
      <Minimum>0</Minimum>
      <Maximum>9999999</Maximum>
      <SortID>1001</SortID>
    </Field>
    <Field Def="s32 sfxId_02">
      <DisplayName>2</DisplayName>
      <Description>使用するSFXのID</Description>
      <Minimum>0</Minimum>
      <Maximum>9999999</Maximum>
      <SortID>1002</SortID>
    </Field>
    <Field Def="s32 sfxId_03">
      <DisplayName>3</DisplayName>
      <Description>使用するSFXのID</Description>
      <Minimum>0</Minimum>
      <Maximum>9999999</Maximum>
      <SortID>1003</SortID>
    </Field>
    <Field Def="s32 sfxId_04">
      <DisplayName>4</DisplayName>
      <Description>使用するSFXのID</Description>
      <Minimum>0</Minimum>
      <Maximum>9999999</Maximum>
      <SortID>1004</SortID>
    </Field>
    <Field Def="s32 sfxId_05">
      <DisplayName>5</DisplayName>
      <Description>使用するSFXのID</Description>
      <Minimum>0</Minimum>
      <Maximum>9999999</Maximum>
      <SortID>1005</SortID>
    </Field>
    <Field Def="s32 sfxId_06">
      <DisplayName>6</DisplayName>
      <Description>使用するSFXのID</Description>
      <Minimum>0</Minimum>
      <Maximum>9999999</Maximum>
      <SortID>1006</SortID>
    </Field>
    <Field Def="s32 sfxId_07">
      <DisplayName>7</DisplayName>
      <Description>使用するSFXのID</Description>
      <Minimum>0</Minimum>
      <Maximum>9999999</Maximum>
      <SortID>1007</SortID>
    </Field>
    <Field Def="s32 sfxId_08">
      <DisplayName>8</DisplayName>
      <Description>使用するSFXのID</Description>
      <Minimum>0</Minimum>
      <Maximum>9999999</Maximum>
      <SortID>1008</SortID>
    </Field>
    <Field Def="s32 sfxId_09">
      <DisplayName>9</DisplayName>
      <Description>使用するSFXのID</Description>
      <Minimum>0</Minimum>
      <Maximum>9999999</Maximum>
      <SortID>1009</SortID>
    </Field>
    <Field Def="s32 sfxId_10">
      <DisplayName>10</DisplayName>
      <Description>使用するSFXのID</Description>
      <Minimum>0</Minimum>
      <Maximum>9999999</Maximum>
      <SortID>1010</SortID>
    </Field>
    <Field Def="s32 sfxId_11">
      <DisplayName>11</DisplayName>
      <Description>使用するSFXのID</Description>
      <Minimum>0</Minimum>
      <Maximum>9999999</Maximum>
      <SortID>1011</SortID>
    </Field>
    <Field Def="s32 sfxId_12">
      <DisplayName>12</DisplayName>
      <Description>使用するSFXのID</Description>
      <Minimum>0</Minimum>
      <Maximum>9999999</Maximum>
      <SortID>1012</SortID>
    </Field>
    <Field Def="s32 sfxId_13">
      <DisplayName>13</DisplayName>
      <Description>使用するSFXのID</Description>
      <Minimum>0</Minimum>
      <Maximum>9999999</Maximum>
      <SortID>1013</SortID>
    </Field>
    <Field Def="s32 sfxId_14">
      <DisplayName>14</DisplayName>
      <Description>使用するSFXのID</Description>
      <Minimum>0</Minimum>
      <Maximum>9999999</Maximum>
      <SortID>1014</SortID>
    </Field>
    <Field Def="s32 sfxId_15">
      <DisplayName>15</DisplayName>
      <Description>使用するSFXのID</Description>
      <Minimum>0</Minimum>
      <Maximum>9999999</Maximum>
      <SortID>1015</SortID>
    </Field>
    <Field Def="s32 sfxId_16">
      <DisplayName>16</DisplayName>
      <Description>使用するSFXのID</Description>
      <Minimum>0</Minimum>
      <Maximum>9999999</Maximum>
      <SortID>1016</SortID>
    </Field>
    <Field Def="s32 sfxId_17">
      <DisplayName>17</DisplayName>
      <Description>使用するSFXのID</Description>
      <Minimum>0</Minimum>
      <Maximum>9999999</Maximum>
      <SortID>1017</SortID>
    </Field>
    <Field Def="s32 sfxId_18">
      <DisplayName>18</DisplayName>
      <Description>使用するSFXのID</Description>
      <Minimum>0</Minimum>
      <Maximum>9999999</Maximum>
      <SortID>1018</SortID>
    </Field>
    <Field Def="s32 sfxId_19">
      <DisplayName>19</DisplayName>
      <Description>使用するSFXのID</Description>
      <Minimum>0</Minimum>
      <Maximum>9999999</Maximum>
      <SortID>1019</SortID>
    </Field>
    <Field Def="s32 sfxId_20">
      <DisplayName>20</DisplayName>
      <Description>使用するSFXのID</Description>
      <Minimum>0</Minimum>
      <Maximum>9999999</Maximum>
      <SortID>1020</SortID>
    </Field>
    <Field Def="s32 sfxId_21">
      <DisplayName>21</DisplayName>
      <Description>使用するSFXのID</Description>
      <Minimum>0</Minimum>
      <Maximum>9999999</Maximum>
      <SortID>1021</SortID>
    </Field>
    <Field Def="s32 sfxId_22">
      <DisplayName>22</DisplayName>
      <Description>使用するSFXのID</Description>
      <Minimum>0</Minimum>
      <Maximum>9999999</Maximum>
      <SortID>1022</SortID>
    </Field>
    <Field Def="s32 sfxId_23">
      <DisplayName>23</DisplayName>
      <Description>使用するSFXのID</Description>
      <Minimum>0</Minimum>
      <Maximum>9999999</Maximum>
      <SortID>1023</SortID>
    </Field>
    <Field Def="s32 sfxId_24">
      <DisplayName>24</DisplayName>
      <Description>使用するSFXのID</Description>
      <Minimum>0</Minimum>
      <Maximum>9999999</Maximum>
      <SortID>1024</SortID>
    </Field>
    <Field Def="s32 sfxId_25">
      <DisplayName>25</DisplayName>
      <Description>使用するSFXのID</Description>
      <Minimum>0</Minimum>
      <Maximum>9999999</Maximum>
      <SortID>1025</SortID>
    </Field>
    <Field Def="s32 sfxId_26">
      <DisplayName>26</DisplayName>
      <Description>使用するSFXのID</Description>
      <Minimum>0</Minimum>
      <Maximum>9999999</Maximum>
      <SortID>1026</SortID>
    </Field>
    <Field Def="s32 sfxId_27">
      <DisplayName>27</DisplayName>
      <Description>使用するSFXのID</Description>
      <Minimum>0</Minimum>
      <Maximum>9999999</Maximum>
      <SortID>1027</SortID>
    </Field>
    <Field Def="s32 sfxId_28">
      <DisplayName>28</DisplayName>
      <Description>使用するSFXのID</Description>
      <Minimum>0</Minimum>
      <Maximum>9999999</Maximum>
      <SortID>1028</SortID>
    </Field>
    <Field Def="s32 sfxId_29">
      <DisplayName>29</DisplayName>
      <Description>使用するSFXのID</Description>
      <Minimum>0</Minimum>
      <Maximum>9999999</Maximum>
      <SortID>1029</SortID>
    </Field>
    <Field Def="s32 sfxId_30">
      <DisplayName>30</DisplayName>
      <Description>使用するSFXのID</Description>
      <Minimum>0</Minimum>
      <Maximum>9999999</Maximum>
      <SortID>1030</SortID>
    </Field>
    <Field Def="dummy8 pad1[20]">
      <DisplayName>パッド</DisplayName>
      <Description>pad</Description>
      <SortID>1031</SortID>
    </Field>
  </Fields>
</PARAMDEF>