﻿<?xml version="1.0" encoding="utf-8"?>
<PARAMDEF XmlVersion="2">
  <ParamType>WEATHER_ASSET_REPLACE_PARAM_ST</ParamType>
  <DataVersion>1</DataVersion>
  <BigEndian>False</BigEndian>
  <Unicode>True</Unicode>
  <FormatVersion>203</FormatVersion>
  <Fields>
    <Field Def="u32 mapId">
      <DisplayName>マップ番号</DisplayName>
      <Description>マップ番号を8桁で指定します。オープン、レガシーの天球配置マップのみ指定可能です</Description>
      <EditFlags>None</EditFlags>
      <Maximum>999999999</Maximum>
    </Field>
    <Field Def="s16 TransitionSrcWeather">
      <DisplayName>天候</DisplayName>
      <Enum>WEATHER_TYPE</Enum>
      <Description>この天候で有効になるアセットを指定します。</Description>
      <EditFlags>None</EditFlags>
      <Minimum>-9999</Minimum>
      <Maximum>9999</Maximum>
      <SortID>2</SortID>
    </Field>
    <Field Def="dummy8 padding0[2]">
      <DisplayName>reserved0</DisplayName>
      <SortID>9999</SortID>
    </Field>
    <Field Def="u8 isFireAsh">
      <DisplayName>「火の灰」後か？</DisplayName>
      <Enum>BOOL_CIRCLECROSS_TYPE</Enum>
      <Description>マップの「火の灰」状態での適応の有無を指定します。</Description>
      <EditFlags>None</EditFlags>
      <Maximum>1</Maximum>
      <SortID>1</SortID>
    </Field>
    <Field Def="dummy8 padding1[3]">
      <DisplayName>padding0</DisplayName>
      <SortID>9999</SortID>
    </Field>
    <Field Def="u32 reserved2">
      <DisplayFormat>%f</DisplayFormat>
      <EditFlags>None</EditFlags>
      <Maximum>0</Maximum>
      <Increment>0</Increment>
      <SortID>9999</SortID>
    </Field>
    <Field Def="s32 AssetId0 = -1">
      <DisplayName>表示アセット1</DisplayName>
      <Description>-1:無効 生成するアセットIDを指定します。AEG999_999 -&gt; 999999</Description>
      <EditFlags>None</EditFlags>
      <Minimum>-1</Minimum>
      <Maximum>999999</Maximum>
      <SortID>10</SortID>
    </Field>
    <Field Def="s32 AssetId1 = -1">
      <DisplayName>表示アセット2</DisplayName>
      <Description>-1:無効 生成するアセットIDを指定します。AEG999_999 -&gt; 999999</Description>
      <EditFlags>None</EditFlags>
      <Minimum>-1</Minimum>
      <Maximum>999999</Maximum>
      <SortID>11</SortID>
    </Field>
    <Field Def="s32 AssetId2 = -1">
      <DisplayName>表示アセット3</DisplayName>
      <Description>-1:無効 生成するアセットIDを指定します。AEG999_999 -&gt; 999999</Description>
      <EditFlags>None</EditFlags>
      <Minimum>-1</Minimum>
      <Maximum>999999</Maximum>
      <SortID>12</SortID>
    </Field>
    <Field Def="s32 AssetId3 = -1">
      <DisplayName>表示アセット4</DisplayName>
      <Description>-1:無効 生成するアセットIDを指定します。AEG999_999 -&gt; 999999</Description>
      <EditFlags>None</EditFlags>
      <Minimum>-1</Minimum>
      <Maximum>999999</Maximum>
      <SortID>13</SortID>
    </Field>
    <Field Def="s32 AssetId4 = -1">
      <DisplayName>表示アセット5</DisplayName>
      <Description>-1:無効 生成するアセットIDを指定します。AEG999_999 -&gt; 999999</Description>
      <EditFlags>None</EditFlags>
      <Minimum>-1</Minimum>
      <Maximum>999999</Maximum>
      <SortID>14</SortID>
    </Field>
    <Field Def="s32 AssetId5 = -1">
      <DisplayName>表示アセット6</DisplayName>
      <Description>-1:無効 生成するアセットIDを指定します。AEG999_999 -&gt; 999999</Description>
      <EditFlags>None</EditFlags>
      <Minimum>-1</Minimum>
      <Maximum>999999</Maximum>
      <SortID>15</SortID>
    </Field>
    <Field Def="s32 AssetId6 = -1">
      <DisplayName>表示アセット7</DisplayName>
      <Description>-1:無効 生成するアセットIDを指定します。AEG999_999 -&gt; 999999</Description>
      <EditFlags>None</EditFlags>
      <Minimum>-1</Minimum>
      <Maximum>999999</Maximum>
      <SortID>16</SortID>
    </Field>
    <Field Def="s32 AssetId7 = -1">
      <DisplayName>表示アセット8</DisplayName>
      <Description>-1:無効 生成するアセットIDを指定します。AEG999_999 -&gt; 999999</Description>
      <EditFlags>None</EditFlags>
      <Minimum>-1</Minimum>
      <Maximum>999999</Maximum>
      <SortID>17</SortID>
    </Field>
    <Field Def="dummy8 reserved0[8]">
      <SortID>9999</SortID>
    </Field>
    <Field Def="s8 CreateAssetLimitId0 = -1">
      <DisplayName>生成制限ID0</DisplayName>
      <Description>生成制限用のIDです。-1:無制限。「マップデフォルトパラメータ.xlsm」の生成制限IDと一致した場合のみ生成が許可されます(SEQ08921)</Description>
      <EditFlags>None</EditFlags>
      <Minimum>-1</Minimum>
      <SortID>100</SortID>
    </Field>
    <Field Def="s8 CreateAssetLimitId1 = -1">
      <DisplayName>生成制限ID1</DisplayName>
      <Description>生成制限用のIDです。-1:無制限。「マップデフォルトパラメータ.xlsm」の生成制限IDと一致した場合のみ生成が許可されます(SEQ08921)</Description>
      <EditFlags>None</EditFlags>
      <Minimum>-1</Minimum>
      <SortID>100</SortID>
    </Field>
    <Field Def="s8 CreateAssetLimitId2 = -1">
      <DisplayName>生成制限ID2</DisplayName>
      <Description>生成制限用のIDです。-1:無制限。「マップデフォルトパラメータ.xlsm」の生成制限IDと一致した場合のみ生成が許可されます(SEQ08921)</Description>
      <EditFlags>None</EditFlags>
      <Minimum>-1</Minimum>
      <SortID>100</SortID>
    </Field>
    <Field Def="s8 CreateAssetLimitId3 = -1">
      <DisplayName>生成制限ID3</DisplayName>
      <Description>生成制限用のIDです。-1:無制限。「マップデフォルトパラメータ.xlsm」の生成制限IDと一致した場合のみ生成が許可されます(SEQ08921)</Description>
      <EditFlags>None</EditFlags>
      <Minimum>-1</Minimum>
      <SortID>100</SortID>
    </Field>
    <Field Def="dummy8 reserved1[4]">
      <SortID>9999</SortID>
    </Field>
  </Fields>
</PARAMDEF>