﻿<?xml version="1.0" encoding="utf-8"?>
<PARAMDEF XmlVersion="2">
  <ParamType>WEATHER_LOT_PARAM_ST</ParamType>
  <DataVersion>5</DataVersion>
  <BigEndian>False</BigEndian>
  <Unicode>True</Unicode>
  <FormatVersion>203</FormatVersion>
  <Fields>
    <Field Def="u8 disableParam_NT:1">
      <DisplayName>NT版出力から外すか</DisplayName>
      <Enum>BOOL_CIRCLECROSS_TYPE</Enum>
      <Description>○をつけたパラメータをNT版パッケージでは除外します</Description>
      <EditFlags>None</EditFlags>
      <Maximum>1</Maximum>
    </Field>
    <Field Def="dummy8 disableParamReserve1:7">
      <DisplayName>パッケージ出力用リザーブ1</DisplayName>
      <Description>パッケージ出力用リザーブ1</Description>
      <DisplayFormat>%d</DisplayFormat>
      <SortID>10000</SortID>
    </Field>
    <Field Def="dummy8 disableParamReserve2[3]">
      <DisplayName>パッケージ出力用リザーブ2</DisplayName>
      <Description>パッケージ出力用リザーブ2</Description>
      <DisplayFormat>%d</DisplayFormat>
      <SortID>10001</SortID>
    </Field>
    <Field Def="s16 weatherType0 = -1">
      <DisplayName>天候種類0</DisplayName>
      <Enum>WEATHER_TYPE</Enum>
      <Description>天候種類0</Description>
      <EditFlags>None</EditFlags>
      <Minimum>-2</Minimum>
      <Maximum>9999</Maximum>
      <SortID>50</SortID>
    </Field>
    <Field Def="s16 weatherType1 = -1">
      <DisplayName>天候種類1</DisplayName>
      <Enum>WEATHER_TYPE</Enum>
      <Description>天候種類1</Description>
      <EditFlags>None</EditFlags>
      <Minimum>-2</Minimum>
      <Maximum>9999</Maximum>
      <SortID>100</SortID>
    </Field>
    <Field Def="s16 weatherType2 = -1">
      <DisplayName>天候種類2</DisplayName>
      <Enum>WEATHER_TYPE</Enum>
      <Description>天候種類2</Description>
      <EditFlags>None</EditFlags>
      <Minimum>-2</Minimum>
      <Maximum>9999</Maximum>
      <SortID>200</SortID>
    </Field>
    <Field Def="s16 weatherType3 = -1">
      <DisplayName>天候種類3</DisplayName>
      <Enum>WEATHER_TYPE</Enum>
      <Description>天候種類3</Description>
      <EditFlags>None</EditFlags>
      <Minimum>-2</Minimum>
      <Maximum>9999</Maximum>
      <SortID>300</SortID>
    </Field>
    <Field Def="s16 weatherType4 = -1">
      <DisplayName>天候種類4</DisplayName>
      <Enum>WEATHER_TYPE</Enum>
      <Description>天候種類4</Description>
      <EditFlags>None</EditFlags>
      <Minimum>-2</Minimum>
      <Maximum>9999</Maximum>
      <SortID>400</SortID>
    </Field>
    <Field Def="s16 weatherType5 = -1">
      <DisplayName>天候種類5</DisplayName>
      <Enum>WEATHER_TYPE</Enum>
      <Description>天候種類5</Description>
      <EditFlags>None</EditFlags>
      <Minimum>-2</Minimum>
      <Maximum>9999</Maximum>
      <SortID>500</SortID>
    </Field>
    <Field Def="s16 weatherType6 = -1">
      <DisplayName>天候種類6</DisplayName>
      <Enum>WEATHER_TYPE</Enum>
      <Description>天候種類6</Description>
      <EditFlags>None</EditFlags>
      <Minimum>-2</Minimum>
      <Maximum>9999</Maximum>
      <SortID>600</SortID>
    </Field>
    <Field Def="s16 weatherType7 = -1">
      <DisplayName>天候種類7</DisplayName>
      <Enum>WEATHER_TYPE</Enum>
      <Description>天候種類7</Description>
      <EditFlags>None</EditFlags>
      <Minimum>-2</Minimum>
      <Maximum>9999</Maximum>
      <SortID>700</SortID>
    </Field>
    <Field Def="s16 weatherType8 = -1">
      <DisplayName>天候種類8</DisplayName>
      <Enum>WEATHER_TYPE</Enum>
      <Description>天候種類8</Description>
      <EditFlags>None</EditFlags>
      <Minimum>-2</Minimum>
      <Maximum>9999</Maximum>
      <SortID>800</SortID>
    </Field>
    <Field Def="s16 weatherType9 = -1">
      <DisplayName>天候種類9</DisplayName>
      <Enum>WEATHER_TYPE</Enum>
      <Description>天候種類9</Description>
      <EditFlags>None</EditFlags>
      <Minimum>-2</Minimum>
      <Maximum>9999</Maximum>
      <SortID>900</SortID>
    </Field>
    <Field Def="s16 weatherType10 = -1">
      <DisplayName>天候種類10</DisplayName>
      <Enum>WEATHER_TYPE</Enum>
      <Description>天候種類10</Description>
      <EditFlags>None</EditFlags>
      <Minimum>-2</Minimum>
      <Maximum>9999</Maximum>
      <SortID>1000</SortID>
    </Field>
    <Field Def="s16 weatherType11 = -1">
      <DisplayName>天候種類11</DisplayName>
      <Enum>WEATHER_TYPE</Enum>
      <Description>天候種類11</Description>
      <EditFlags>None</EditFlags>
      <Minimum>-2</Minimum>
      <Maximum>9999</Maximum>
      <SortID>1100</SortID>
    </Field>
    <Field Def="s16 weatherType12 = -1">
      <DisplayName>天候種類12</DisplayName>
      <Enum>WEATHER_TYPE</Enum>
      <Description>天候種類12</Description>
      <EditFlags>None</EditFlags>
      <Minimum>-2</Minimum>
      <Maximum>9999</Maximum>
      <SortID>1200</SortID>
    </Field>
    <Field Def="s16 weatherType13 = -1">
      <DisplayName>天候種類13</DisplayName>
      <Enum>WEATHER_TYPE</Enum>
      <Description>天候種類13</Description>
      <EditFlags>None</EditFlags>
      <Minimum>-2</Minimum>
      <Maximum>9999</Maximum>
      <SortID>1300</SortID>
    </Field>
    <Field Def="s16 weatherType14 = -1">
      <DisplayName>天候種類14</DisplayName>
      <Enum>WEATHER_TYPE</Enum>
      <Description>天候種類14</Description>
      <EditFlags>None</EditFlags>
      <Minimum>-2</Minimum>
      <Maximum>9999</Maximum>
      <SortID>1400</SortID>
    </Field>
    <Field Def="s16 weatherType15 = -1">
      <DisplayName>天候種類15</DisplayName>
      <Enum>WEATHER_TYPE</Enum>
      <Description>天候種類15</Description>
      <EditFlags>None</EditFlags>
      <Minimum>-2</Minimum>
      <Maximum>9999</Maximum>
      <SortID>1500</SortID>
    </Field>
    <Field Def="u16 lotteryWeight0">
      <DisplayName>抽選ウェイト0</DisplayName>
      <Description>抽選ウェイト0</Description>
      <EditFlags>None</EditFlags>
      <SortID>51</SortID>
    </Field>
    <Field Def="u16 lotteryWeight1">
      <DisplayName>抽選ウェイト1</DisplayName>
      <Description>抽選ウェイト1</Description>
      <EditFlags>None</EditFlags>
      <SortID>101</SortID>
    </Field>
    <Field Def="u16 lotteryWeight2">
      <DisplayName>抽選ウェイト2</DisplayName>
      <Description>抽選ウェイト2</Description>
      <EditFlags>None</EditFlags>
      <SortID>201</SortID>
    </Field>
    <Field Def="u16 lotteryWeight3">
      <DisplayName>抽選ウェイト3</DisplayName>
      <Description>抽選ウェイト3</Description>
      <EditFlags>None</EditFlags>
      <SortID>301</SortID>
    </Field>
    <Field Def="u16 lotteryWeight4">
      <DisplayName>抽選ウェイト4</DisplayName>
      <Description>抽選ウェイト4</Description>
      <EditFlags>None</EditFlags>
      <SortID>401</SortID>
    </Field>
    <Field Def="u16 lotteryWeight5">
      <DisplayName>抽選ウェイト5</DisplayName>
      <Description>抽選ウェイト5</Description>
      <EditFlags>None</EditFlags>
      <SortID>501</SortID>
    </Field>
    <Field Def="u16 lotteryWeight6">
      <DisplayName>抽選ウェイト6</DisplayName>
      <Description>抽選ウェイト6</Description>
      <EditFlags>None</EditFlags>
      <SortID>601</SortID>
    </Field>
    <Field Def="u16 lotteryWeight7">
      <DisplayName>抽選ウェイト7</DisplayName>
      <Description>抽選ウェイト7</Description>
      <EditFlags>None</EditFlags>
      <SortID>701</SortID>
    </Field>
    <Field Def="u16 lotteryWeight8">
      <DisplayName>抽選ウェイト8</DisplayName>
      <Description>抽選ウェイト8</Description>
      <EditFlags>None</EditFlags>
      <SortID>801</SortID>
    </Field>
    <Field Def="u16 lotteryWeight9">
      <DisplayName>抽選ウェイト9</DisplayName>
      <Description>抽選ウェイト9</Description>
      <EditFlags>None</EditFlags>
      <SortID>901</SortID>
    </Field>
    <Field Def="u16 lotteryWeight10">
      <DisplayName>抽選ウェイト10</DisplayName>
      <Description>抽選ウェイト10</Description>
      <EditFlags>None</EditFlags>
      <SortID>1001</SortID>
    </Field>
    <Field Def="u16 lotteryWeight11">
      <DisplayName>抽選ウェイト11</DisplayName>
      <Description>抽選ウェイト11</Description>
      <EditFlags>None</EditFlags>
      <SortID>1101</SortID>
    </Field>
    <Field Def="u16 lotteryWeight12">
      <DisplayName>抽選ウェイト12</DisplayName>
      <Description>抽選ウェイト12</Description>
      <EditFlags>None</EditFlags>
      <SortID>1201</SortID>
    </Field>
    <Field Def="u16 lotteryWeight13">
      <DisplayName>抽選ウェイト13</DisplayName>
      <Description>抽選ウェイト13</Description>
      <EditFlags>None</EditFlags>
      <SortID>1301</SortID>
    </Field>
    <Field Def="u16 lotteryWeight14">
      <DisplayName>抽選ウェイト14</DisplayName>
      <Description>抽選ウェイト14</Description>
      <EditFlags>None</EditFlags>
      <SortID>1401</SortID>
    </Field>
    <Field Def="u16 lotteryWeight15">
      <DisplayName>抽選ウェイト15</DisplayName>
      <Description>抽選ウェイト15</Description>
      <EditFlags>None</EditFlags>
      <SortID>1501</SortID>
    </Field>
    <Field Def="u8 timezoneLimit">
      <DisplayName>時間帯条件リスト</DisplayName>
      <Enum>WEATHER_LOT_TIMEZONE_TYPE</Enum>
      <Description>時間帯条件リスト</Description>
      <EditFlags>None</EditFlags>
      <Maximum>99</Maximum>
      <SortID>1</SortID>
    </Field>
    <Field Def="u8 timezoneStartHour">
      <DisplayName>直接時間指定_開始_時</DisplayName>
      <Description>直接時間指定_開始_時</Description>
      <EditFlags>None</EditFlags>
      <Maximum>23</Maximum>
      <SortID>2</SortID>
    </Field>
    <Field Def="u8 timezoneStartMinute">
      <DisplayName>直接時間指定_開始_分</DisplayName>
      <Description>直接時間指定_開始_分</Description>
      <EditFlags>None</EditFlags>
      <Maximum>59</Maximum>
      <SortID>3</SortID>
    </Field>
    <Field Def="u8 timezoneEndHour">
      <DisplayName>直接時間指定_開始_時</DisplayName>
      <Description>直接時間指定_開始_時</Description>
      <EditFlags>None</EditFlags>
      <Maximum>23</Maximum>
      <SortID>4</SortID>
    </Field>
    <Field Def="u8 timezoneEndMinute">
      <DisplayName>直接時間指定_開始_分</DisplayName>
      <Description>直接時間指定_開始_分</Description>
      <EditFlags>None</EditFlags>
      <Maximum>59</Maximum>
      <SortID>5</SortID>
    </Field>
    <Field Def="dummy8 reserve[9]">
      <DisplayName>リザーブ</DisplayName>
      <Description>予約領域</Description>
      <SortID>9999</SortID>
    </Field>
  </Fields>
</PARAMDEF>