﻿<?xml version="1.0" encoding="utf-8"?>
<PARAMDEF XmlVersion="2">
  <ParamType>WHITE_SIGN_COOL_TIME_PARAM_ST</ParamType>
  <DataVersion>1</DataVersion>
  <BigEndian>False</BigEndian>
  <Unicode>True</Unicode>
  <FormatVersion>203</FormatVersion>
  <Fields>
    <Field Def="f32 limitationTime_Normal">
      <DisplayName>制限時間（通常・指なし）</DisplayName>
      <Description>制限時間[sec]（通常・干からびた指無）</Description>
      <DisplayFormat>%.2f</DisplayFormat>
      <EditFlags>None</EditFlags>
      <Minimum>0</Minimum>
      <Maximum>9999</Maximum>
      <Increment>0.1</Increment>
      <SortID>1</SortID>
    </Field>
    <Field Def="f32 limitationTime_NormalDriedFinger">
      <DisplayName>制限時間（通常・指あり）</DisplayName>
      <Description>制限時間[sec]（通常・干からびた指有）</Description>
      <DisplayFormat>%.2f</DisplayFormat>
      <EditFlags>None</EditFlags>
      <Minimum>0</Minimum>
      <Maximum>9999</Maximum>
      <Increment>0.1</Increment>
      <SortID>2</SortID>
    </Field>
    <Field Def="f32 limitationTime_Guardian">
      <DisplayName>制限時間（マップ守護・指なし）</DisplayName>
      <Description>制限時間[sec]（マップ守護・干からびた指無）</Description>
      <DisplayFormat>%.2f</DisplayFormat>
      <EditFlags>None</EditFlags>
      <Minimum>0</Minimum>
      <Maximum>9999</Maximum>
      <Increment>0.1</Increment>
      <SortID>3</SortID>
    </Field>
    <Field Def="f32 limitationTime_GuardianDriedFinger">
      <DisplayName>制限時間（マップ守護・指あり）</DisplayName>
      <Description>制限時間[sec]（マップ守護・干からびた指有）</Description>
      <DisplayFormat>%.2f</DisplayFormat>
      <EditFlags>None</EditFlags>
      <Minimum>0</Minimum>
      <Maximum>9999</Maximum>
      <Increment>0.1</Increment>
      <SortID>4</SortID>
    </Field>
  </Fields>
</PARAMDEF>